"Reported Date","Reported Year","Reported Month","Number Dead","Number Missing","Total Dead and Missing","Number of Survivors","Number of Females","Number of Males","Number of Children","Cause of Death","Migration Route","Latitude","Longitude"
"May 26, 2018",2018,"May",1,"",1,"","",1,"","Sickness and lack of access to medicines","Central Mediterranean","34.310004799433"," 13.902308756250"
"May 24, 2018",2018,"May",4,14,18,12,2,2,"","Presumed drowning","Western Mediterranean","34.522568371876"," -6.495380873535"
"May 14, 2018",2018,"May",7,"",7,12,"","",3,"Drowning","Eastern Mediterranean","39.458858375437"," 26.058644190430"
"May 13, 2018",2018,"May",9,"",9,"","",2,"","Drowning","Eastern Mediterranean","35.473177364902"," 34.293756766172"
"May 12, 2018",2018,"May",1,"",1,"","",1,"","Presumed drowning","Central Mediterranean","32.672917004916"," 14.273392064062"
"May 06, 2018",2018,"May",1,3,4,114,"","","","Presumed drowning","Central Mediterranean","34.169328211340"," 13.411064862500"
"April 30, 2018",2018,"Apr",1,"",1,"",1,"","","Drowning","Central Mediterranean","32.863131902941"," 13.432646267578"
"April 30, 2018",2018,"Apr",2,"",2,"","",2,"","Drowning","Central Mediterranean","32.795033269536"," 13.714950386230"
"April 30, 2018",2018,"Apr",6,"",6,"","",5,1,"Drowning","Central Mediterranean","32.942476914595"," 12.087154137109"
"April 29, 2018",2018,"Apr",17,2,19,19,"","","","Drowning","Western Mediterranean","35.822895058362"," -0.796902517969"
"April 25, 2018",2018,"Apr",5,12,17,17,"","","","Drowning","Western Mediterranean","35.719565805417"," -3.226601551172"
"April 22, 2018",2018,"Apr",11,"",11,"","",11,1,"Drowning","Central Mediterranean","32.897924735444"," 12.636084778651"
"April 14, 2018",2018,"Apr",1,"",1,"","",1,"","Cardiac arrest","Western Mediterranean","35.898592900000"," -5.373166000000"
"April 13, 2018",2018,"Apr",1,"",1,"","",1,"","Cardiac arrest","Western Mediterranean","35.898558136159"," -5.374453460327"
"April 09, 2018",2018,"Apr",6,30,36,10,"","","","Presumed drowning","Western Mediterranean","35.565324311662"," -6.015228714063"
"April 06, 2018",2018,"Apr",1,"",1,"",1,"","","Drowning","Western Mediterranean","36.007378006886"," -5.595094154956"
"April 02, 2018",2018,"Apr",1,"",1,"","",1,"","Presumed drowning","Western Mediterranean","35.635369791472"," -1.325146605078"
"April 01, 2018",2018,"Apr",1,"",1,"","",1,"","Presumed drowning","Western Mediterranean","35.307342028997"," -3.957839329297"
"April 01, 2018",2018,"Apr",1,"",1,"","",1,"","Presumed drowning","Western Mediterranean","35.724826606545"," -1.134878620654"
"April 01, 2018",2018,"Apr",7,4,11,1,"",1,"","Drowning","Western Mediterranean","35.977554386570"," -5.768318886719"
"March 31, 2018",2018,"Mar",1,"",1,"","","","","Presumed drowning","Western Mediterranean","35.400122962293"," -1.258784939648"
"March 29, 2018",2018,"Mar","",7,7,"","",7,"","Presumed drowning","Western Mediterranean","35.961994206451"," -5.382424111328"
"March 20, 2018",2018,"Mar",1,"",1,"","",1,"","Presumed drowning","Central Mediterranean","32.908397062094"," 13.256741284619"
"March 18, 2018",2018,"Mar",1,"",1,"","",1,"","Drowning","Western Mediterranean","36.619003063120"," -6.364435634424"
"March 17, 2018",2018,"Mar",16,3,19,3,5,11,9,"Drowning","Eastern Mediterranean","37.462855742504"," 27.010840066992"
"March 15, 2018",2018,"Mar",12,"",12,22,"","","","Presumed drowning","Western Mediterranean","35.519970536120"," -2.645016567187"
"March 12, 2018",2018,"Mar",1,"",1,"","",1,"","Sickness and lack of access to medicines","Central Mediterranean","36.839922534108"," 14.765837528836"
"March 08, 2018",2018,"Mar",1,"",1,"","",1,"","Drowning","Western Mediterranean","36.626580524694"," -6.383661708643"
"March 03, 2018",2018,"Mar",3,"",3,2,2,1,"","Drowning","Western Mediterranean","35.915401186367"," -5.380983631274"
"March 03, 2018",2018,"Mar","",21,21,30,4,17,"","Presumed drowning","Central Mediterranean","33.442744459548"," 12.570127875000"
"February 28, 2018",2018,"Feb",1,"",1,"","",1,"","Presumed drowning","Western Mediterranean","35.612071497907"," -1.170012647266"
"February 26, 2018",2018,"Feb",1,"",1,"","",1,"","Cardiac arrest","Western Mediterranean","36.008245901966"," -5.603763054492"
"February 25, 2018",2018,"Feb",1,"",1,"","",1,"","Presumed drowning","Western Mediterranean","36.150995800000"," -5.337883400000"
"February 21, 2018",2018,"Feb",2,"",2,"",1,1,"","Presumed drowning","Western Mediterranean","35.406879065613"," -1.395759438281"
"February 19, 2018",2018,"Feb",1,"",1,"","",1,"","Unknown","Central Mediterranean","32.719144626209"," 14.171768528906"
"February 18, 2018",2018,"Feb",2,"",2,"","","","","Presumed drowning","Western Mediterranean","35.595813364862"," -1.186008961035"
"February 17, 2018",2018,"Feb",1,"",1,"","","","","Presumed drowning","Western Mediterranean","36.654403900040"," 0.924694723437"
"February 16, 2018",2018,"Feb",1,"",1,"","","","","Presumed drowning","Western Mediterranean","35.646074121757"," -1.075810897416"
"February 16, 2018",2018,"Feb",1,"",1,"","","","","Presumed drowning","Central Mediterranean","32.906811782506"," 13.184471844922"
"February 16, 2018",2018,"Feb",1,"",1,"","","","","Presumed drowning","Central Mediterranean","32.796511748693"," 12.733749617969"
"February 15, 2018",2018,"Feb",11,"",11,"","","","","Presumed drowning","Central Mediterranean","32.940748164060"," 12.081660973047"
"February 15, 2018",2018,"Feb",1,"",1,"","",1,"","Presumed drowning","Western Mediterranean","35.579829252717"," -1.163521320654"
"February 15, 2018",2018,"Feb",2,"",2,"","",2,"","Presumed drowning","Western Mediterranean","35.717462497699"," -0.893899331738"
"February 14, 2018",2018,"Feb",2,"",2,"","",2,"","Presumed drowning","Western Mediterranean","35.494728544351"," -1.244925426954"
"February 13, 2018",2018,"Feb",1,"",1,"","",1,"","Drowning","Western Mediterranean","35.971216093787"," 0.070161184473"
"February 12, 2018",2018,"Feb",1,"",1,"",1,"",1,"Presumed drowning","Western Mediterranean","35.949766199352"," -5.309639687500"
"February 12, 2018",2018,"Feb",1,"",1,"","",1,"","Drowning","Western Mediterranean","36.480420966708"," -4.740933306885"
"February 11, 2018",2018,"Feb",1,"",1,"","","","","Drowning","Western Mediterranean","36.424291687372"," 0.620750723437"
"February 11, 2018",2018,"Feb","",5,5,29,"","","","Presumed drowning","Western Mediterranean","35.585153669322"," -2.957796002344"
"February 10, 2018",2018,"Feb",1,"",1,"","",1,"","Drowning","Western Mediterranean","36.729843473764"," 2.792090733594"
"February 09, 2018",2018,"Feb",3,"",3,32,"",3,"","Hypothermia","Western Mediterranean","35.746320190537"," -3.214241932031"
"February 09, 2018",2018,"Feb",7,"",7,"","","","","Presumed drowning","Central Mediterranean","32.938443110773"," 12.087154137109"
"February 08, 2018",2018,"Feb",1,"",1,"","","","","Drowning","Western Mediterranean","36.185775189622"," 0.259513731250"
"February 03, 2018",2018,"Feb",21,26,47,1,8,31,5,"Drowning","Western Mediterranean","35.583186593035"," -2.795275034375"
"February 01, 2018",2018,"Feb",14,86,100,3,1,1,2,"Drowning","Central Mediterranean","33.245635482342"," 12.247829185937"
"January 28, 2018",2018,"Jan",1,"",1,"",1,"","","Unknown","Central Mediterranean","34.740267700000"," 10.748212700000"
"January 27, 2018",2018,"Jan",2,32,34,96,2,"",3,"Drowning","Central Mediterranean","34.750921892473"," 13.535156250000"
"January 26, 2018",2018,"Jan",2,"",2,"",1,1,"","Drowning","Western Mediterranean","36.280790301064"," 0.094711585937"
"January 23, 2018",2018,"Jan",3,"",3,57,"","","","Presumed drowning","Western Mediterranean","35.359236275280"," -2.644685650781"
"January 23, 2018",2018,"Jan","",1,1,"",1,"",1,"Presumed drowning","Western Mediterranean","35.805774336301"," -0.803585382031"
"January 21, 2018",2018,"Jan",1,"",1,"","",1,"","Presumed drowning","Central Mediterranean","32.791261100000"," 13.736076500000"
"January 20, 2018",2018,"Jan",2,"",2,34,"","","","Drowning","Western Mediterranean","35.940576396122"," -3.121201465723"
"January 16, 2018",2018,"Jan",3,"",3,"","",3,2,"Unknown","Central Mediterranean","33.416093240500"," 13.213310956250"
"January 16, 2018",2018,"Jan",2,"",2,17,1,1,"","Drowning","Western Mediterranean","35.852954014280"," -0.814755301172"
"January 13, 2018",2018,"Jan",1,"",1,"","",1,"","Drowning","Western Mediterranean","36.058654404974"," 0.061860512109"
"January 12, 2018",2018,"Jan",1,"",1,"","",1,"","Presumed drowning","Western Mediterranean","36.801272200000"," 3.568616200000"
"January 09, 2018",2018,"Jan","",100,100,16,"","","","Presumed drowning","Central Mediterranean","33.461246171967"," 14.630447728125"
"January 09, 2018",2018,"Jan",3,8,11,43,"","","","Presumed drowning","Western Mediterranean","35.891005756583"," -5.659332275391"
"January 07, 2018",2018,"Jan",2,10,12,270,2,"","","Presumed drowning","Central Mediterranean","32.983002330562"," 13.768852058594"
"January 06, 2018",2018,"Jan",8,56,64,86,6,2,5,"Unknown","Central Mediterranean","34.078380455797"," 13.268242596875"
"January 05, 2018",2018,"Jan",4,"",4,4,"","","","Presumed drowning","Western Mediterranean","35.880538323659"," -5.519505224414"
"January 04, 2018",2018,"Jan",1,"",1,"","",1,"","Presumed drowning","Western Mediterranean","36.784676783801"," -6.580935208594"
"December 25, 2017",2017,"Dec",1,"",1,"","",1,1,"Presumed drowning","Eastern Mediterranean","38.430189025971"," 27.102313915039"
"December 22, 2017",2017,"Dec",1,"",1,"","",1,"","Presumed drowning","Western Mediterranean","35.878049717478"," -5.327972173691"
"December 22, 2017",2017,"Dec",1,"",1,"","","","","Presumed drowning","Central Mediterranean","32.926409826220"," 13.113060712109"
"December 16, 2017",2017,"Dec","",3,3,20,"","","","Presumed drowning","Western Mediterranean","35.882833113479"," -5.803099736328"
"December 15, 2017",2017,"Dec",1,"",1,4,"",1,"","Unknown (found on dinghy)","Western Mediterranean","36.125095674655"," -5.169511656055"
"December 14, 2017",2017,"Dec",1,"",1,68,"","","","Drowning","Western Mediterranean","35.938908600000"," -3.180596302148"
"December 13, 2017",2017,"Dec","",2,2,31,"","","","Presumed drowning","Western Mediterranean","36.214401400000"," -3.419552700000"
"December 08, 2017",2017,"Dec",3,5,8,4,"",3,"","Drowning","Central Mediterranean","36.949195213437"," 8.448509527539"
"December 04, 2017",2017,"Dec",3,"",3,40,1,2,"","Presumed drowning","Western Mediterranean","35.317984016666"," -6.323177650000"
"December 04, 2017",2017,"Dec",1,"",1,35,"",1,"","Drowning","Western Mediterranean","36.684664094550"," -3.862161322656"
"December 04, 2017",2017,"Dec",1,"",1,"","",1,1,"Presumed drowning","Western Mediterranean","36.159616714092"," 0.134644935938"
"December 03, 2017",2017,"Dec","",3,3,18,"","","","Presumed drowning","Western Mediterranean","35.876390459221"," -5.811981643750"
"November 30, 2017",2017,"Nov","",28,28,6,4,24,1,"Presumed drowning","Western Mediterranean","35.928564408919"," -5.893536298438"
"November 29, 2017",2017,"Nov",3,1,4,2,"","","","Drowning","Western Mediterranean","35.970153678605"," -5.603076408984"
"November 28, 2017",2017,"Nov",1,"",1,"","",1,"","Presumed drowning","Western Mediterranean","36.082470985786"," -6.026000976563"
"November 27, 2017",2017,"Nov",1,"",1,"","",1,"","Unknown","Western Mediterranean","35.290387494344"," -2.926591903613"
"November 25, 2017",2017,"Nov",31,"",31,"",18,"",3,"Drowning","Central Mediterranean","32.801959442053"," 13.720786873047"
"November 25, 2017",2017,"Nov",1,"",1,"","",1,"","Presumed drowning","Western Mediterranean","35.988768038194"," -5.611316155078"
"November 25, 2017",2017,"Nov",1,"",1,"","","","","Presumed drowning","Western Mediterranean","36.178832465467"," -5.909786224365"
"November 25, 2017",2017,"Nov",6,"",6,"","","","","Presumed drowning","Western Mediterranean","35.850559281577"," -5.679503544922"
"November 25, 2017",2017,"Nov",1,"",1,66,"",1,1,"Suffocation","Eastern Mediterranean","39.117926486658"," 26.584397197559"
"November 24, 2017",2017,"Nov",1,"",1,"","",1,"","Presumed drowning","Western Mediterranean","36.198825876138"," 0.218307777344"
"November 23, 2017",2017,"Nov",1,20,21,"",1,"","","Sickness and lack of access to medicines","Central Mediterranean","34.060179168559"," 13.059502362500"
"November 23, 2017",2017,"Nov",1,"",1,"","","","","Presumed drowning","Western Mediterranean","36.059764585990"," 0.090699623438"
"November 22, 2017",2017,"Nov","",6,6,107,"",1,"","Presumed drowning","Central Mediterranean","34.405333936080"," 13.982353925000"
"November 22, 2017",2017,"Nov",1,"",1,"","",1,"","Presumed drowning","Western Mediterranean","36.055323767952"," 0.076966713281"
"November 19, 2017",2017,"Nov",3,1,4,"","",3,1,"Drowning","Western Mediterranean","35.904917419285"," -5.291584069312"
"November 17, 2017",2017,"Nov",1,"",1,"","","","","Presumed drowning","Western Mediterranean","36.101939856583"," 0.057740639063"
"November 16, 2017",2017,"Nov",1,"",1,"","","","","Drowning","Central Mediterranean","32.811542676207"," 12.897253417969"
"November 12, 2017",2017,"Nov",2,"",2,"","","","","Presumed drowning","Central Mediterranean","32.821929803103"," 12.898626708984"
"November 11, 2017",2017,"Nov",1,"",1,"","",1,1,"Presumed drowning","Eastern Mediterranean","39.343995090707"," 26.383975862793"
"November 11, 2017",2017,"Nov",1,"",1,"",1,"","","Drowning","Eastern Mediterranean","39.328328251178"," 26.428951143555"
"November 09, 2017",2017,"Nov",2,"",2,"","",2,"","Presumed drowning","Western Mediterranean","35.777154148825"," -5.789837326123"
"November 09, 2017",2017,"Nov",1,"",1,"","",1,1,"Presumed drowning","Eastern Mediterranean","39.350632522991"," 26.376079439453"
"November 07, 2017",2017,"Nov",1,"",1,10,"","","","Unknown (found on dinghy)","Western Mediterranean","35.875277696775"," -5.696625198438"
"November 06, 2017",2017,"Nov",5,29,34,106,"","",1,"Presumed drowning","Central Mediterranean","34.341859153473"," 13.828545331250"
"November 06, 2017",2017,"Nov",1,"",1,"",1,"",1,"Presumed drowning","Eastern Mediterranean","39.343198556470"," 26.375392793945"
"November 04, 2017",2017,"Nov",1,"",1,"",1,"","","Fuel burns","Western Mediterranean","35.778176000000"," -5.827966600000"
"November 03, 2017",2017,"Nov",3,7,10,15,1,"","","Drowning","Eastern Mediterranean","37.031187012469"," 27.126068793164"
"November 03, 2017",2017,"Nov",23,53,76,64,23,"","","Drowning","Central Mediterranean","34.000148459845"," 13.053526312500"
"November 03, 2017",2017,"Nov",3,11,14,"",3,"","","Unknown","Central Mediterranean","34.078380455797"," 13.081475018750"
"November 01, 2017",2017,"Nov",8,"",8,142,"","","","Unknown","Central Mediterranean","33.690138498642"," 12.661743164062"
"October 30, 2017",2017,"Oct",2,"",2,12,"",2,"","Presumed drowning","Western Mediterranean","36.076415421565"," 0.045381019922"
"October 29, 2017",2017,"Oct",2,3,5,48,"","","","Presumed drowning","Western Mediterranean","35.839661046921"," -5.787262405469"
"October 26, 2017",2017,"Oct",1,"",1,"","",1,"","Unknown","Western Mediterranean","35.291156590870"," -2.927625956006"
"October 22, 2017",2017,"Oct",8,"",8,"","","","","Presumed drowning","Central Mediterranean","32.679837405805"," 14.299608421484"
"October 22, 2017",2017,"Oct",1,"",1,17,"",1,"","Drowning","Central Mediterranean","35.282888789154"," -2.913308348535"
"October 22, 2017",2017,"Oct",1,"",1,17,"",1,"","Drowning","Western Mediterranean","35.286041628488"," -2.901978697656"
"October 19, 2017",2017,"Oct",1,"",1,"","",1,"","Presumed drowning","Central Mediterranean","32.826545914138"," 12.898626708984"
"October 16, 2017",2017,"Oct",1,"",1,"","","","","Presumed drowning","Central Mediterranean","34.594243427134"," 10.653553136719"
"October 15, 2017",2017,"Oct",1,"",1,23,"","","","Presumed drowning","Central Mediterranean","34.277715802156"," 12.123413085938"
"October 13, 2017",2017,"Oct",28,"",28,"","","","","Presumed drowning","Central Mediterranean","32.657872602092"," 14.283128929297"
"October 11, 2017",2017,"Oct",4,"",4,"","","","","Presumed drowning","Central Mediterranean","34.830052608625"," 10.869882881250"
"October 08, 2017",2017,"Oct",46,3,49,38,"",8,"","Drowning","Central Mediterranean","34.757813062277"," 11.747713028906"
"October 03, 2017",2017,"Oct","",68,68,"","","","","Presumed drowning","Central Mediterranean","33.435577757609"," 13.213310956250"
"October 01, 2017",2017,"Oct",3,"",3,"","",2,1,"Crushed","Central Mediterranean","33.175092581861"," 12.476987920312"
"October 01, 2017",2017,"Oct",1,"",1,"","","","","Unknown (found on dinghy)","Central Mediterranean","34.399491539041"," 13.623046875000"
"October 01, 2017",2017,"Oct",2,"",2,"","","","","Unknown (found on dinghy)","Central Mediterranean","33.890315995891"," 13.117675802205"
"September 30, 2017",2017,"Sep",1,"",1,"","",1,"","Drowning","Central Mediterranean","33.507538772679"," 11.156813950781"
"September 28, 2017",2017,"Sep",1,"",1,5,1,"",1,"Unknown","Eastern Mediterranean","36.144480100000"," 29.586158100000"
"September 24, 2017",2017,"Sep",2,"",2,4,"",2,"","Gassed","Western Mediterranean","35.268594995463"," -2.937238993115"
"September 20, 2017",2017,"Sep",7,90,97,40,"","","","Presumed drowning","Central Mediterranean","33.571206001856"," 12.390651451562"
"September 15, 2017",2017,"Sep",3,"",3,139,2,1,1,"Unknown","Central Mediterranean","33.622177677794"," 12.905693768750"
"September 13, 2017",2017,"Sep",1,6,7,3,"","","","Drowning","Western Mediterranean","36.040798831235"," -2.618895484766"
"September 11, 2017",2017,"Sep",1,"",1,"","",1,"","Unknown","Central Mediterranean","32.668277655843"," 14.277635765234"
"September 11, 2017",2017,"Sep","",3,3,4,"","","","Presumed drowning","Western Mediterranean","35.960882647666"," -5.386543984375"
"August 31, 2017",2017,"Aug",7,"",7,13,7,"","","Drowning","Western Mediterranean","35.272098761012"," -2.887285532422"
"August 30, 2017",2017,"Aug","",120,120,1,25,95,"","Presumed drowning","Central Mediterranean","33.455393950314"," 11.520502123437"
"August 27, 2017",2017,"Aug",5,"",5,"","",5,"","Presumed drowning","Central Mediterranean","32.656427359935"," 14.274889183203"
"August 09, 2017",2017,"Aug",1,"",1,11,"",1,"","Drowning","Western Mediterranean","35.917556056940"," -5.373688022754"
"August 07, 2017",2017,"Aug",2,"",2,"","",2,"","Presumed drowning","Central Mediterranean","32.793048517692"," 12.726883162891"
"August 06, 2017",2017,"Aug",8,"",8,"","","","","Unknown","Central Mediterranean","32.812688104939"," 12.457809448242"
"August 01, 2017",2017,"Aug",8,"",8,119,3,5,"","Unknown","Central Mediterranean","33.722801551772"," 12.564878545312"
"July 31, 2017",2017,"Jul",1,"",1,"","",1,"","Drowning","Western Mediterranean","35.981822895107"," -5.617152641895"
"July 27, 2017",2017,"Jul",8,"",8,9,2,"",5,"Drowning","Eastern Mediterranean","38.332225832166"," 26.237827220703"
"July 25, 2017",2017,"Jul",13,3,16,"",8,"","","Fuel burns","Central Mediterranean","34.110273423914"," 12.647276006250"
"July 25, 2017",2017,"Jul",2,"",2,"","","","","Presumed drowning","Central Mediterranean","32.895858044686"," 13.189278363477"
"July 20, 2017",2017,"Jul",1,"",1,"","",1,"","Presumed drowning","Central Mediterranean","32.812558555669"," 12.454843602686"
"July 16, 2017",2017,"Jul",1,"",1,"","",1,"","Drowning","Western Mediterranean","37.136264912559"," -1.824022242578"
"July 15, 2017",2017,"Jul",1,"",1,"","",1,"","Drowning","Western Mediterranean","36.567000959142"," -4.585614805469"
"July 12, 2017",2017,"Jul",1,"",1,"","",1,"","Drowning","Western Mediterranean","36.632456427923"," -4.450250544922"
"July 11, 2017",2017,"Jul",3,"",3,48,"","","","Drowning","Western Mediterranean","35.287304600000"," -3.870843300000"
"July 10, 2017",2017,"Jul",1,"",1,"","",1,"","Drowning","Central Mediterranean","32.874646200000"," 13.133489900000"
"July 08, 2017",2017,"Jul","",35,35,65,"","",7,"Drowning","Central Mediterranean","33.626222300000"," 12.958341500000"
"July 04, 2017",2017,"Jul","",49,49,3,"","","","Drowning","Western Mediterranean","35.939433300000"," -3.038769000000"
"July 03, 2017",2017,"Jul",4,"",4,"","",4,"","Drowning","Central Mediterranean","32.867654900000"," 13.418127800000"
"July 01, 2017",2017,"Jul",9,"",9,"",6,3,"","Drowning","Central Mediterranean","34.822961600000"," 13.701652300000"
"June 30, 2017",2017,"Jun","",60,60,80,"","","","Drowning","Central Mediterranean","36.002093300000"," 12.040486500000"
"June 30, 2017",2017,"Jun",1,"",1,"","",1,"","Unknown","Central Mediterranean","35.643545400000"," 12.356343400000"
"June 30, 2017",2017,"Jun",10,"",10,"","","","","Drowning","Central Mediterranean","33.514303300000"," 11.098731100000"
"June 29, 2017",2017,"Jun",1,"",1,"","","","","Drowning","Central Mediterranean","32.805887100000"," 12.530751900000"
"June 28, 2017",2017,"Jun",29,"",29,"",2,27,"","Drowning","Central Mediterranean","32.862145400000"," 13.431226300000"
"June 28, 2017",2017,"Jun",1,"",1,"","","",1,"Post-partum complications","Central Mediterranean","32.815464500000"," 14.623834600000"
"June 28, 2017",2017,"Jun",2,"",2,"","","","","Unknown","Central Mediterranean","35.361136900000"," 14.749297300000"
"June 28, 2017",2017,"Jun",2,"",2,"","","","","Drowning","Central Mediterranean","32.805387500000"," 12.658530000000"
"June 27, 2017",2017,"Jun",7,"",7,"","","","","Drowning","Central Mediterranean","32.879834200000"," 13.361960000000"
"June 27, 2017",2017,"Jun",1,"",1,"","","","","Presumed drowning","Central Mediterranean","32.906994338955"," 14.344975975703"
"June 26, 2017",2017,"Jun",3,"",3,"","","","","Drowning","Central Mediterranean","31.624914100000"," 17.262365100000"
"June 26, 2017",2017,"Jun",1,"",1,"","","","","Drowning","Central Mediterranean","32.813343100000"," 12.882482200000"
"June 25, 2017",2017,"Jun",2,"",2,229,"","","","Unknown","Central Mediterranean","34.850503900000"," 17.548484400000"
"June 24, 2017",2017,"Jun",1,"",1,"","","","","Drowning","Central Mediterranean","32.863162400000"," 13.436776100000"
"June 22, 2017",2017,"Jun",1,"",1,71,"","","","Drowning","Central Mediterranean","35.362145603321"," 16.324406443750"
"June 21, 2017",2017,"Jun",18,"",18,2,"","","","Drowning","Central Mediterranean","32.750388000000"," 13.714585600000"
"June 21, 2017",2017,"Jun",5,"",5,"","",5,"","Drowning","Central Mediterranean","32.859600500000"," 13.434085900000"
"June 20, 2017",2017,"Jun",3,"",3,"","","","","Drowning","Central Mediterranean","32.936650700000"," 12.087716000000"
"June 20, 2017",2017,"Jun",1,"",1,"","",1,"","Drowning","Western Mediterranean","35.825513600000"," -5.724505600000"
"June 19, 2017",2017,"Jun","",7,7,"","","","","Drowning","Central Mediterranean","34.184744800000"," 11.877754500000"
"June 18, 2017",2017,"Jun",7,"",7,"","","","","Drowning","Central Mediterranean","32.844710200000"," 12.592091000000"
"June 18, 2017",2017,"Jun",9,"",9,"","","","","Drowning","Central Mediterranean","32.886405800000"," 13.378755100000"
"June 17, 2017",2017,"Jun","",110,110,25,"","","","Drowning","Central Mediterranean","32.862293600000"," 12.530664000000"
"June 17, 2017",2017,"Jun",5,"",5,135,"","","","Drowning","Central Mediterranean","32.862293600000"," 12.530664000000"
"June 17, 2017",2017,"Jun","","",0,"","","","","Drowning","Central Mediterranean","32.862293600000"," 12.530664000000"
"June 17, 2017",2017,"Jun","","",0,"","","","","Drowning","Central Mediterranean","32.862293600000"," 12.530664000000"
"June 17, 2017",2017,"Jun",2,"",2,"",1,1,"","Drowning","Central Mediterranean","32.846969800000"," 12.660515500000"
"June 16, 2017",2017,"Jun",5,"",5,"","","","","Unknown","Western Mediterranean","37.574842100000"," -1.021354200000"
"June 16, 2017",2017,"Jun",8,"",8,"","","","","Drowning","Central Mediterranean","32.793307100000"," 12.656110600000"
"June 15, 2017",2017,"Jun",3,"",3,"","","","","Drowning","Central Mediterranean","32.821469400000"," 12.950294100000"
"June 15, 2017",2017,"Jun",4,"",4,"","","","","Drowning","Central Mediterranean","32.792488500000"," 12.763262100000"
"June 15, 2017",2017,"Jun","",126,126,4,"","","","Drowning","Central Mediterranean","32.150897305344"," 17.730387775000"
"June 13, 2017",2017,"Jun",1,"",1,"",1,"","","Unknown","Central Mediterranean","35.504484127391"," 13.315461743750"
"June 13, 2017",2017,"Jun",1,"",1,"","","","","Drowning","Central Mediterranean","32.815665881156"," 12.456513532813"
"June 12, 2017",2017,"Jun",2,"",2,"","",2,"","Drowning","Central Mediterranean","32.791747900000"," 13.692131800000"
"June 12, 2017",2017,"Jun",2,"",2,"","",2,"","Drowning","Western Mediterranean","35.314206700000"," -2.944928000000"
"June 10, 2017",2017,"Jun",8,"",8,"","",8,"","Unknown","Central Mediterranean","32.791343600000"," 13.698904100000"
"June 10, 2017",2017,"Jun","",52,52,79,"","","","Drowning","Central Mediterranean","33.746741521914"," 12.901894537500"
"June 10, 2017",2017,"Jun",8,"",8,"",6,2,"","Drowning","Central Mediterranean","34.829317300000"," 11.866077900000"
"June 10, 2017",2017,"Jun",1,"",1,"","","","","Drowning","Central Mediterranean","34.895873535990"," 14.062673906250"
"June 10, 2017",2017,"Jun",1,"",1,"","",1,"","Drowning","Central Mediterranean","34.486805385946"," 13.261527593750"
"June 09, 2017",2017,"Jun",1,"",1,"","",1,1,"Drowning","Western Mediterranean","36.746391700000"," -2.171041200000"
"June 09, 2017",2017,"Jun",1,"",1,"","",1,"","Drowning","Western Mediterranean","36.953579900000"," -1.902940500000"
"June 09, 2017",2017,"Jun",1,"",1,"","",1,"","Shot","Central Mediterranean","32.876842900000"," 13.102032700000"
"June 04, 2017",2017,"Jun",19,"",19,"",9,8,2,"Drowning","Central Mediterranean","33.517125500000"," 11.116372300000"
"June 04, 2017",2017,"Jun",2,"",2,"","",2,"","Drowning","Central Mediterranean","33.881101000000"," 10.865818700000"
"June 03, 2017",2017,"Jun",4,"",4,125,1,"","","Unknown","Central Mediterranean","36.638348938120"," 13.129158695313"
"May 31, 2017",2017,"May",13,"",13,"","","","","Unknown","Central Mediterranean","34.019057135487"," 10.049736548828"
"May 29, 2017",2017,"May",10,10,20,"",2,8,"","Drowning","Central Mediterranean","34.379009200000"," 15.248850400000"
"May 29, 2017",2017,"May","",10,10,"","","","","Unknown","Central Mediterranean","34.399956108775"," 13.888487250000"
"May 27, 2017",2017,"May",2,18,20,"","","",1,"Drowning","Central Mediterranean","33.234863910000"," 12.467038290000"
"May 27, 2017",2017,"May",33,24,57,"",13,"",7,"Drowning","Central Mediterranean","34.496800300000"," 14.820383600000"
"May 27, 2017",2017,"May",1,"",1,126,"","","","Unknown","Central Mediterranean","36.016398100000"," 11.338208100000"
"May 27, 2017",2017,"May",7,"",7,"","","","","Drowning","Central Mediterranean","33.477195290000"," 13.025560940000"
"May 26, 2017",2017,"May",1,"",1,"",1,"","","Drowning","Central Mediterranean","32.795371000000"," 12.566804000000"
"May 26, 2017",2017,"May","",82,82,"","","","","Drowning","Central Mediterranean","34.114134523922"," 13.011378990625"
"May 26, 2017",2017,"May",1,"",1,"","","","","Unknown","Central Mediterranean","35.265509900000"," 13.259102500000"
"May 25, 2017",2017,"May",2,"",2,"","","","","Unknown","Central Mediterranean","34.404699358622"," 13.198146568750"
"May 24, 2017",2017,"May",1,"",1,"","",1,"","Unknown","Central Mediterranean","37.341309150989"," 12.282344312500"
"May 19, 2017",2017,"May",1,1,2,"","",2,"","Drowning","Central Mediterranean","33.934168820000"," 12.981615630000"
"May 19, 2017",2017,"May","",1,1,24,"","","","Drowning","Western Mediterranean","35.314206700000"," -2.947116700000"
"May 19, 2017",2017,"May","",156,156,4,"","","","Drowning","Central Mediterranean","33.103258380000"," 13.035023910000"
"May 17, 2017",2017,"May",2,"",2,"","","","","Drowning","Central Mediterranean","32.898250830000"," 13.179219470000"
"May 16, 2017",2017,"May",1,"",1,"",1,"","","Drowning","Central Mediterranean","32.804314190000"," 12.490506180000"
"May 16, 2017",2017,"May",1,"",1,"","","","","Drowning","Central Mediterranean","32.891908750000"," 13.186772570000"
"May 16, 2017",2017,"May",2,"",2,"",1,1,"","Drowning","Central Mediterranean","32.791837780000"," 12.719922000000"
"May 15, 2017",2017,"May",7,13,20,484,2,5,"","Crushed, Drowning","Central Mediterranean","35.205060848507"," 13.302815447500"
"May 15, 2017",2017,"May","",1,1,6,"","","","Drowning","Western Mediterranean","35.846343790000"," -5.776402957000"
"May 08, 2017",2017,"May",11,"",11,"",11,"",1,"Drowning","Central Mediterranean","32.781230600000"," 12.696461100000"
"May 07, 2017",2017,"May","",82,82,50,"","","","Drowning","Central Mediterranean","35.532153500000"," 12.742396800000"
"May 07, 2017",2017,"May","",102,102,7,30,"",9,"Drowning","Central Mediterranean","32.781230600000"," 12.696461100000"
"May 04, 2017",2017,"May",1,"",1,"","",1,"","Shot","Central Mediterranean","30.375663591234"," 19.036399787500"
"May 03, 2017",2017,"May",19,"",19,"","","","","Drowning","Central Mediterranean","31.842978308005"," 18.047630256250"
"May 02, 2017",2017,"May",1,"",1,"","","","","Drowning","Central Mediterranean","33.105267400000"," 11.709794500000"
"May 01, 2017",2017,"May",6,"",6,"","","","","Drowning","Central Mediterranean","32.973902800000"," 13.342174100000"
"April 26, 2017",2017,"Apr",1,"",1,"","","","","Unknown","Central Mediterranean","32.112545100000"," 23.933578100000"
"April 24, 2017",2017,"Apr",16,7,23,2,6,8,2,"Drowning","Eastern Mediterranean","39.366085100000"," 26.166767200000"
"April 23, 2017",2017,"Apr",1,"",1,"",1,"","","Unknown","Central Mediterranean","35.099139200000"," 13.048850200000"
"April 18, 2017",2017,"Apr","",30,30,"","","","","Drowning","Central Mediterranean","35.099139200000"," 13.048850200000"
"April 18, 2017",2017,"Apr",4,"",4,"","","","","Crushed","Central Mediterranean","35.099139200000"," 13.048850200000"
"April 18, 2017",2017,"Apr","",10,10,"","","","","Drowning","Central Mediterranean","35.099139200000"," 13.048850200000"
"April 18, 2017",2017,"Apr","",7,7,"","","","","Drowning","Central Mediterranean","35.099139200000"," 13.048850200000"
"April 18, 2017",2017,"Apr","",17,17,"","","","","Drowning","Central Mediterranean","35.099139200000"," 13.048850200000"
"April 18, 2017",2017,"Apr",28,"",28,"",4,"","","Dehydration, Starvation","Central Mediterranean","32.791284000000"," 12.415264900000"
"April 18, 2017",2017,"Apr","",35,35,"","","","","Drowning","Central Mediterranean","35.099139200000"," 13.048850200000"
"April 16, 2017",2017,"Apr",13,20,33,"",2,4,1,"Drowning","Central Mediterranean","35.099139200000"," 13.048850200000"
"April 16, 2017",2017,"Apr",2,"",2,"","","","","Drowning","Central Mediterranean","34.422826311333"," 13.154201256250"
"April 16, 2017",2017,"Apr",7,"",7,"","","","","Drowning","Central Mediterranean","36.347854800000"," 14.445509300000"
"April 15, 2017",2017,"Apr",5,"",5,101,"","","","Drowning","Central Mediterranean","32.792138400000"," 13.704410400000"
"April 14, 2017",2017,"Apr",1,"",1,"","",1,"","Drowning","Western Mediterranean","35.913489558500"," -5.380811969897"
"April 13, 2017",2017,"Apr","",97,97,23,15,77,5,"Drowning","Central Mediterranean","32.862970600000"," 13.121579700000"
"April 12, 2017",2017,"Apr","",5,5,6,"","","","Presumed drowning","Western Mediterranean","36.025882516454"," -5.328865761719"
"April 11, 2017",2017,"Apr",3,"",3,32,1,1,1,"Unknown","Western Mediterranean","35.939594400000"," -3.036476200000"
"April 07, 2017",2017,"Apr",1,"",1,148,"","","","Unknown","Central Mediterranean","35.099139200000"," 13.048850200000"
"April 07, 2017",2017,"Apr",1,"",1,"","","","","Unknown","Central Mediterranean","32.791284000000"," 12.415264900000"
"April 02, 2017",2017,"Apr",1,"",1,"","",1,"","Drowning","Eastern Mediterranean","39.147213500000"," 26.528026000000"
"March 29, 2017",2017,"Mar",3,"",3,"",1,2,"","Drowning","Central Mediterranean","32.791284000000"," 12.415264900000"
"March 28, 2017",2017,"Mar",1,5,6,141,"","","","Drowning","Central Mediterranean","32.791284000000"," 12.415264900000"
"March 28, 2017",2017,"Mar",4,"",4,85,"","","","Drowning","Central Mediterranean","32.781230600000"," 12.696461100000"
"March 26, 2017",2017,"Mar",1,"",1,"","","","","Unknown","Central Mediterranean","35.265509900000"," 13.259102500000"
"March 26, 2017",2017,"Mar",1,"",1,"",1,"","","Unknown","Central Mediterranean","30.509284612352"," 17.722392637500"
"March 25, 2017",2017,"Mar",1,"",1,"",1,"",1,"Drowning","Central Mediterranean","32.771957900000"," 12.483225900000"
"March 24, 2017",2017,"Mar",11,"",11,9,2,"",5,"Drowning","Eastern Mediterranean","37.747294000000"," 27.240156300000"
"March 24, 2017",2017,"Mar",3,1,4,3,"","","","Presumed drowning","Western Mediterranean","36.248835565283"," -6.346569366992"
"March 24, 2017",2017,"Mar",1,"",1,"","",1,"","Unknown","Central Mediterranean","35.265509900000"," 13.259102500000"
"March 23, 2017",2017,"Mar",5,"",5,"","",5,"","Hypothermia","Central Mediterranean","32.893867600000"," 12.205049500000"
"March 23, 2017",2017,"Mar","",130,130,"","","","","Drowning","Central Mediterranean","32.815891800000"," 12.398003600000"
"March 22, 2017",2017,"Mar",1,"",1,"","","","","Unknown","Central Mediterranean","35.265509900000"," 13.259102500000"
"March 21, 2017",2017,"Mar",2,66,68,54,"",2,"","Drowning","Central Mediterranean","32.893867600000"," 12.205049500000"
"March 20, 2017",2017,"Mar",10,"",10,"",1,9,"","Burned","Central Mediterranean","32.785733400000"," 12.703041200000"
"March 19, 2017",2017,"Mar",3,"",3,215,"","","","Drowning","Central Mediterranean","33.010693000000"," 12.047669600000"
"March 19, 2017",2017,"Mar","",10,10,117,"","","","Presumed drowning","Central Mediterranean","33.433576577011"," 12.526182562500"
"March 18, 2017",2017,"Mar","",8,8,"","","","","Drowning","Central Mediterranean","35.099139200000"," 13.048850200000"
"March 11, 2017",2017,"Mar",1,"",1,"","","","","Unknown","Central Mediterranean","32.791284000000"," 12.415264900000"
"March 09, 2017",2017,"Mar",11,"",11,"","","","","Drowning","Central Mediterranean","32.791284000000"," 12.415264900000"
"March 08, 2017",2017,"Mar",3,"",3,"","","","","Drowning","Central Mediterranean","32.656753600000"," 14.266525000000"
"March 04, 2017",2017,"Mar","",6,6,178,"","","","Drowning","Central Mediterranean","35.099139200000"," 13.048850200000"
"March 03, 2017",2017,"Mar",1,"",1,"","",1,"","Drowning","Western Mediterranean","36.418759500000"," -6.242722000000"
"March 03, 2017",2017,"Mar",1,"",1,"","",1,1,"Sickness and lack of access to medicines","Central Mediterranean","37.207444300000"," 15.923595400000"
"March 03, 2017",2017,"Mar",1,"",1,"","","","","Unknown","Central Mediterranean","35.099139200000"," 13.048850200000"
"March 03, 2017",2017,"Mar","",25,25,115,"","","","Drowning","Central Mediterranean","32.936246200000"," 13.403390100000"
"March 02, 2017",2017,"Mar",1,"",1,"","",1,"","Drowning","Western Mediterranean","36.051743056922"," -5.803197855078"
"March 01, 2017",2017,"Mar",1,"",1,"","",1,"","Drowning","Western Mediterranean","36.075576792542"," -5.413881649121"
"February 26, 2017",2017,"Feb",1,"",1,"","",1,"","Drowning","Central Mediterranean","32.775910100000"," 12.697316400000"
"February 26, 2017",2017,"Feb",1,"",1,"","","","","Drowning","Western Mediterranean","36.486584900000"," -6.303310700000"
"February 23, 2017",2017,"Feb",14,"",14,400,"","","","Drowning","Central Mediterranean","33.010693000000"," 12.047669600000"
"February 23, 2017",2017,"Feb",1,"",1,"","",1,"","Drowning","Western Mediterranean","35.893784113931"," -5.310254017664"
"February 20, 2017",2017,"Feb",74,"",74,"","",74,"","Drowning","Central Mediterranean","32.781230600000"," 12.696461100000"
"February 19, 2017",2017,"Feb",6,"",6,"","","","","Drowning","Central Mediterranean","32.781230600000"," 12.696461100000"
"February 19, 2017",2017,"Feb","",118,118,"","","","","Drowning","Central Mediterranean","32.749201632784"," 14.339309423828"
"February 15, 2017",2017,"Feb","",9,9,2,"","","","Drowning","Western Mediterranean","35.854571821186"," -5.797675591797"
"February 12, 2017",2017,"Feb","",2,2,3,"","","","Drowning","Western Mediterranean","35.974691964994"," -5.615392255078"
"February 06, 2017",2017,"Feb",1,"",1,"","",1,1,"Dehydration","Central Mediterranean","38.675777400000"," 16.098348800000"
"February 05, 2017",2017,"Feb",1,"",1,45,1,"","","Drowning","Eastern Mediterranean","39.343261000000"," 26.671927000000"
"February 04, 2017",2017,"Feb","",3,3,113,"","",3,"Drowning","Central Mediterranean","32.862970600000"," 13.121579700000"
"January 30, 2017",2017,"Jan","",3,3,11,"","","","Drowning","Western Mediterranean","36.746431600000"," -2.172064600000"
"January 29, 2017",2017,"Jan",1,1,2,"",1,"","","Unknown","Central Mediterranean","36.308006500000"," 11.962684900000"
"January 28, 2017",2017,"Jan",2,"",2,151,"",2,2,"Hypothermia","Central Mediterranean","35.390804474108"," 13.390907556250"
"January 27, 2017",2017,"Jan",1,2,3,299,"","","","Drowning","Central Mediterranean","32.791284000000"," 12.415264900000"
"January 24, 2017",2017,"Jan",10,"",10,"",1,8,1,"Drowning","Central Mediterranean","32.911519200000"," 13.117770000000"
"January 21, 2017",2017,"Jan",5,"",5,"","","","","Drowning","Central Mediterranean","32.791284000000"," 12.415264900000"
"January 21, 2017",2017,"Jan",1,"",1,"","","","","Drowning","Central Mediterranean","32.911519200000"," 13.117770000000"
"January 15, 2017",2017,"Jan",1,"",1,"","",1,"","Unknown","Eastern Mediterranean","37.700274600000"," 27.036172000000"
"January 14, 2017",2017,"Jan",4,172,176,4,"","","","Drowning","Central Mediterranean","33.095322800000"," 12.648929300000"
"January 14, 2017",2017,"Jan",1,"",1,2,1,"","","Unknown","Western Mediterranean","35.176142300000"," -2.924073300000"
"January 14, 2017",2017,"Jan","",3,3,"",1,2,"","Drowning","Western Mediterranean","35.176142300000"," -2.924073300000"
"January 14, 2017",2017,"Jan",8,7,15,4,1,6,1,"Drowning","Western Mediterranean","35.999138366460"," -5.610585736524"
"January 14, 2017",2017,"Jan",1,"",1,7,1,"","","Hypothermia","Western Mediterranean","35.927882159511"," -5.294504086328"
"January 13, 2017",2017,"Jan",3,"",3,"","","","","Hypothermia","Central Mediterranean","33.640686300000"," 16.661223200000"
"January 13, 2017",2017,"Jan",2,"",2,193,"","","","Suffocation","Central Mediterranean","33.640686300000"," 16.661223200000"
"January 12, 2017",2017,"Jan",14,"",14,"","","","","Hypothermia","Central Mediterranean","33.010693000000"," 12.047669600000"
"January 10, 2017",2017,"Jan",1,"",1,"","","","","Drowning","Central Mediterranean","32.791284000000"," 12.415264900000"
"January 04, 2017",2017,"Jan",5,"",5,"","","","","Drowning","Central Mediterranean","32.900612100000"," 13.046172600000"
"January 04, 2017",2017,"Jan",3,"",3,45,1,"",1,"Drowning","Western Mediterranean","35.176142300000"," -2.924073300000"
"January 02, 2017",2017,"Jan",1,"",1,"","","","","Drowning","Central Mediterranean","32.880838500000"," 13.344353800000"
"January 01, 2017",2017,"Jan",2,"",2,"","","","","Fall from border fence","Western Mediterranean","35.908666342858"," -5.378892755481"
"December 31, 2016",2016,"Dec",2,"",2,"","","","","Drowning","Central Mediterranean","33.206798600000"," 11.220954700000"
"December 24, 2016",2016,"Dec",1,"",1,8,"","",1,"Unknown","Central Mediterranean","36.756978000000"," 11.992879400000"
"December 23, 2016",2016,"Dec",5,56,61,62,"","","","Drowning","Central Mediterranean","32.761023100000"," 12.699894300000"
"December 22, 2016",2016,"Dec",1,57,58,63,"","","","Unknown","Central Mediterranean","36.756978000000"," 11.992879400000"
"December 22, 2016",2016,"Dec",7,40,47,80,"","","","Unknown","Central Mediterranean","36.756978000000"," 11.992879400000"
"December 21, 2016",2016,"Dec",7,"",7,300,"","","","Unknown","Central Mediterranean","36.756978000000"," 11.992879400000"
"December 19, 2016",2016,"Dec",5,"",5,8,1,"",4,"Drowning","Eastern Mediterranean","39.337116500000"," 26.702316500000"
"December 14, 2016",2016,"Dec","",20,20,"","","","","Drowning","Central Mediterranean","36.756978000000"," 11.992879400000"
"December 13, 2016",2016,"Dec",2,"",2,"","","","","Presumed drowning","Central Mediterranean","32.786147400000"," 12.695773100000"
"December 13, 2016",2016,"Dec",2,1,3,"","","","","Presumed drowning","Central Mediterranean","32.727987400000"," 15.068537300000"
"December 13, 2016",2016,"Dec","",87,87,27,"","","","Presumed drowning","Central Mediterranean","32.761023100000"," 12.699894300000"
"December 11, 2016",2016,"Dec",6,"",6,165,"","","","Unknown","Central Mediterranean","34.180460400000"," 15.864573500000"
"December 11, 2016",2016,"Dec",15,"",15,"","","","","Unknown","Central Mediterranean","32.816624900000"," 13.342539900000"
"December 10, 2016",2016,"Dec",8,"",8,"","","","","Unknown","Central Mediterranean","32.816624900000"," 13.342539900000"
"December 09, 2016",2016,"Dec",1,"",1,"",1,"","","Unknown","Central Mediterranean","33.507917400000"," 11.117421700000"
"December 09, 2016",2016,"Dec",2,"",2,"","",2,"","Unknown","Central Mediterranean","33.208609900000"," 11.213254400000"
"December 08, 2016",2016,"Dec",10,"",10,"","","","","Unknown","Central Mediterranean","32.816624900000"," 13.342539900000"
"December 07, 2016",2016,"Dec",2,"",2,"",2,"","","Hypothermia","Central Mediterranean","34.180460400000"," 15.864573500000"
"December 07, 2016",2016,"Dec",7,"",7,38,"","","","Drowning","Western Mediterranean","35.252860800000"," -3.957889200000"
"December 06, 2016",2016,"Dec",5,"",5,"","","","","Unknown","Central Mediterranean","32.816624900000"," 13.342539900000"
"December 05, 2016",2016,"Dec",11,"",11,"","","","","Drowning","Central Mediterranean","32.955844000000"," 13.227944400000"
"December 04, 2016",2016,"Dec",2,"",2,"",2,"","","Hypothermia","Central Mediterranean","34.180460400000"," 15.864573500000"
"December 04, 2016",2016,"Dec",14,6,20,120,"",11,3,"Drowning","Central Mediterranean","34.180460400000"," 15.864573500000"
"December 04, 2016",2016,"Dec",4,"",4,140,"","","","Drowning","Central Mediterranean","34.180460400000"," 15.864573500000"
"November 26, 2016",2016,"Nov",8,"",8,1,"","","","Dehydration","Central Mediterranean","34.089237900000"," 13.438092000000"
"November 25, 2016",2016,"Nov",1,"",1,"","",1,"","Drowning","Western Mediterranean","35.891802400000"," -5.333986200000"
"November 23, 2016",2016,"Nov",2,26,28,"","","","","Unknown","Central Mediterranean","36.481138100000"," 12.407658900000"
"November 22, 2016",2016,"Nov",7,"",7,"","","","","Unknown","Central Mediterranean","34.253371600000"," 14.498815300000"
"November 18, 2016",2016,"Nov",6,3,9,4,"","","","Drowning","Eastern Mediterranean","37.347060700000"," 27.184556100000"
"November 17, 2016",2016,"Nov","",25,25,"","","","","Presumed drowning","Central Mediterranean","34.253371600000"," 14.498815300000"
"November 16, 2016",2016,"Nov",4,"",4,15,"",4,"","Drowning","Eastern Mediterranean","40.649775600000"," 24.651801300000"
"November 16, 2016",2016,"Nov",7,96,103,27,"","","","Drowning","Central Mediterranean","34.253371600000"," 14.498815300000"
"November 15, 2016",2016,"Nov",4,95,99,23,"","","","Drowning","Central Mediterranean","34.253371600000"," 14.498815300000"
"November 14, 2016",2016,"Nov","",135,135,15,"",135,"","Presumed drowning","Central Mediterranean","34.253371600000"," 14.498815300000"
"November 14, 2016",2016,"Nov",5,1,6,114,"","","","Drowning","Central Mediterranean","34.253371600000"," 14.498815300000"
"November 14, 2016",2016,"Nov","",3,3,122,"",3,1,"Presumed drowning","Central Mediterranean","34.253371600000"," 14.498815300000"
"November 09, 2016",2016,"Nov",4,22,26,"","","","","Drowning","Central Mediterranean","34.253371600000"," 14.498815300000"
"November 06, 2016",2016,"Nov",1,"",1,115,"","","","Drowning","Central Mediterranean","32.763298800000"," 14.313630800000"
"November 05, 2016",2016,"Nov",10,12,22,"",12,"","","Unknown","Central Mediterranean","34.253371600000"," 14.498815300000"
"November 05, 2016",2016,"Nov",1,"",1,"","","","","Unknown","Central Mediterranean","34.253371600000"," 14.498815300000"
"November 04, 2016",2016,"Nov",1,"",1,48,"",1,"","Drowning","Eastern Mediterranean","37.724580500000"," 26.677828300000"
"November 02, 2016",2016,"Nov","",128,128,2,"","","","Presumed drowning","Central Mediterranean","34.253371600000"," 14.498815300000"
"November 01, 2016",2016,"Nov",12,99,111,29,"","",3,"Drowning","Central Mediterranean","30.880495400000"," 16.351669700000"
"October 29, 2016",2016,"Oct",3,"",3,"","","","","Drowning","Central Mediterranean","34.253371600000"," 14.498815300000"
"October 28, 2016",2016,"Oct",2,4,6,"","","","","Drowning","Central Mediterranean","34.253371600000"," 14.498815300000"
"October 27, 2016",2016,"Oct",2,32,34,"","","","","Unknown","Central Mediterranean","34.253371600000"," 14.498815300000"
"October 26, 2016",2016,"Oct",97,"",97,29,3,92,2,"Drowning","Central Mediterranean","32.955844000000"," 13.227944400000"
"October 26, 2016",2016,"Oct",9,1,10,"",1,"","","Unknown","Central Mediterranean","34.253371600000"," 14.498815300000"
"October 26, 2016",2016,"Oct",1,29,30,"","","","","Drowning","Central Mediterranean","34.253371600000"," 14.498815300000"
"October 26, 2016",2016,"Oct","",29,29,"","","","","Drowning","Central Mediterranean","34.253371600000"," 14.498815300000"
"October 26, 2016",2016,"Oct",6,4,10,"",4,"",2,"Unknown","Central Mediterranean","34.253371600000"," 14.498815300000"
"October 26, 2016",2016,"Oct","",10,10,140,"","","","Unknown","Central Mediterranean","34.253371600000"," 14.498815300000"
"October 25, 2016",2016,"Oct",29,"",29,107,"","","","Asphyxiation","Central Mediterranean","30.880495400000"," 16.351669700000"
"October 25, 2016",2016,"Oct",1,"",1,"",1,"","","Unknown","Central Mediterranean","37.343939900000"," 14.111439900000"
"October 22, 2016",2016,"Oct",1,"",1,"","","","","Unknown","Central Mediterranean","34.253371600000"," 14.498815300000"
"October 22, 2016",2016,"Oct","",30,30,"",2,"",1,"Asphyxiation, Drowning","Central Mediterranean","34.253371600000"," 14.498815300000"
"October 21, 2016",2016,"Oct",1,"",1,"",1,"","","Drowning","Central Mediterranean","34.253371600000"," 14.498815300000"
"October 21, 2016",2016,"Oct",3,"",3,"","","","","Asphyxiation, Drowning","Central Mediterranean","34.253371600000"," 14.498815300000"
"October 21, 2016",2016,"Oct",13,"",13,120,"","","","Unknown","Central Mediterranean","34.253371600000"," 14.498815300000"
"October 21, 2016",2016,"Oct",4,10,14,"","","","","Unknown","Central Mediterranean","34.253371600000"," 14.498815300000"
"October 19, 2016",2016,"Oct",5,4,9,118,"","","","Unknown","Central Mediterranean","33.102551800000"," 13.130846500000"
"October 14, 2016",2016,"Oct","",17,17,113,"",13,1,"Presumed drowning","Central Mediterranean","38.960724200000"," 10.904485400000"
"October 12, 2016",2016,"Oct",1,3,4,"","","","","Presumed drowning","Western Mediterranean","35.895384600000"," -5.334817200000"
"October 09, 2016",2016,"Oct",2,"",2,"",1,1,1,"Drowning","Central Mediterranean","32.955797400000"," 12.058880000000"
"October 06, 2016",2016,"Oct",1,"",1,"","",1,1,"Drowning","Eastern Mediterranean","37.843869900000"," 27.242286000000"
"October 05, 2016",2016,"Oct",3,"",3,"",2,"",1,"Drowning","Central Mediterranean","32.955797400000"," 12.058880000000"
"October 04, 2016",2016,"Oct",28,"",28,"","","","","Asphyxiation","Central Mediterranean","34.253371600000"," 14.498815300000"
"October 03, 2016",2016,"Oct",11,"",11,"",2,7,2,"Drowning","Central Mediterranean","32.885643000000"," 13.678685600000"
"October 03, 2016",2016,"Oct",10,"",10,"","","","","Unknown","Central Mediterranean","32.727987400000"," 15.068537300000"
"October 03, 2016",2016,"Oct",30,"",30,"","","","","Drowning","Central Mediterranean","32.878302000000"," 12.386814500000"
"October 03, 2016",2016,"Oct",1,"",1,"","",1,"","Presumed drowning","Eastern Mediterranean","37.599864200000"," 26.029615800000"
"September 29, 2016",2016,"Sep",7,20,27,3,"","","","Drowning","Eastern Mediterranean","37.031906900000"," 27.421418000000"
"September 28, 2016",2016,"Sep",18,"",18,"","","","","Drowning","Central Mediterranean","32.096425800000"," 23.920516700000"
"September 21, 2016",2016,"Sep",204,84,288,162,10,31,1,"Drowning","Central Mediterranean","31.473281800000"," 30.323640200000"
"September 20, 2016",2016,"Sep",1,"",1,14,"","","","Dehydration","Central Mediterranean","37.162570000000"," 9.121454400000"
"September 15, 2016",2016,"Sep",1,"",1,750,"","","","Drowning","Central Mediterranean","38.960724200000"," 10.904485400000"
"September 14, 2016",2016,"Sep",5,"",5,164,4,1,"","Unknown","Central Mediterranean","33.368631500000"," 12.111977800000"
"September 07, 2016",2016,"Sep",4,"",4,"","","","","Presumed drowning","Central Mediterranean","32.802807600000"," 12.702760600000"
"September 05, 2016",2016,"Sep",7,"",7,"","","","","Unknown","Central Mediterranean","38.960724200000"," 10.904485400000"
"September 05, 2016",2016,"Sep",1,"",1,"","","","","Unknown","Central Mediterranean","38.960724200000"," 10.904485400000"
"September 05, 2016",2016,"Sep",7,"",7,"","","","","Unknown","Central Mediterranean","38.960724200000"," 10.904485400000"
"September 05, 2016",2016,"Sep",5,"",5,250,"","","","Presumed drowning","Central Mediterranean","32.804517100000"," 12.539645100000"
"September 02, 2016",2016,"Sep",3,"",3,931,"","","","Unknown","Central Mediterranean","37.093073700000"," 11.861018900000"
"September 01, 2016",2016,"Sep",1,"",1,1050,"",1,"","Unknown","Central Mediterranean","38.960724200000"," 10.904485400000"
"August 31, 2016",2016,"Aug",3,"",3,"","","","","Unknown","Central Mediterranean","38.960724200000"," 10.904485400000"
"August 31, 2016",2016,"Aug",1,"",1,"","","","","Unknown","Central Mediterranean","38.960724200000"," 10.904485400000"
"August 29, 2016",2016,"Aug",2,"",2,"","","","","Unknown","Central Mediterranean","37.093073700000"," 11.861018900000"
"August 26, 2016",2016,"Aug",1,"",1,"","",1,"","Drowning","Western Mediterranean","36.745269700000"," -3.281736600000"
"August 25, 2016",2016,"Aug",1,"",1,"","","","","Unknown","Central Mediterranean","38.960724200000"," 10.904485400000"
"August 23, 2016",2016,"Aug","",7,7,"","",7,"","Drowning","Western Mediterranean","35.932805800000"," -5.646866100000"
"August 21, 2016",2016,"Aug",1,2,3,12,1,"","","Drowning","Eastern Mediterranean","38.344648300000"," 26.048123200000"
"August 18, 2016",2016,"Aug",5,2,7,32,3,1,3,"Unknown","Central Mediterranean","32.834477600000"," 12.384084800000"
"August 17, 2016",2016,"Aug","",1,1,1,"",1,"","Presumed drowning","Western Mediterranean","36.527403700000"," -6.334261800000"
"August 15, 2016",2016,"Aug",1,"",1,"","",1,"","Unknown","Western Mediterranean","36.725051000000"," -3.737953800000"
"August 15, 2016",2016,"Aug",1,"",1,"",1,"","","Presumed drowning","Central Mediterranean","32.795698200000"," 12.708749300000"
"August 15, 2016",2016,"Aug",3,"",3,"","","","","Presumed drowning","Central Mediterranean","32.857907700000"," 12.377552000000"
"August 11, 2016",2016,"Aug","",9,9,"","","","","Presumed drowning","Western Mediterranean","35.895384600000"," -5.334817200000"
"August 08, 2016",2016,"Aug",1,"",1,182,"","","","Presumed drowning","Central Mediterranean","32.795698200000"," 12.708749300000"
"August 02, 2016",2016,"Aug",21,"",21,"","","","","Presumed drowning","Central Mediterranean","32.814694900000"," 12.880910500000"
"July 31, 2016",2016,"Jul",1,"",1,"","","","","Unknown","Central Mediterranean","33.416533100000"," 16.230191400000"
"July 31, 2016",2016,"Jul",4,"",4,10,"","",2,"Drowning","Central Mediterranean","33.416533100000"," 16.230191400000"
"July 31, 2016",2016,"Jul",120,"",120,"","","","","Presumed drowning","Central Mediterranean","32.809482300000"," 12.394473800000"
"July 22, 2016",2016,"Jul",3,7,10,4,"","","","Drowning","Western Mediterranean","35.845001500000"," -5.353364800000"
"July 22, 2016",2016,"Jul",18,"",18,"","",17,1,"Unknown","Central Mediterranean","33.416533100000"," 16.230191400000"
"July 20, 2016",2016,"Jul",22,"",22,104,21,1,"","Presumed asphyxiation","Central Mediterranean","33.416533100000"," 16.230191400000"
"July 19, 2016",2016,"Jul",1,"",1,842,"","","","Unknown","Central Mediterranean","33.416533100000"," 16.230191400000"
"July 13, 2016",2016,"Jul",4,3,7,6,2,2,2,"Drowning","Eastern Mediterranean","39.189261800000"," 26.130606100000"
"July 12, 2016",2016,"Jul",4,"",4,400,"","","","Asphyxiation","Central Mediterranean","33.593035300000"," 13.542852100000"
"July 12, 2016",2016,"Jul",1,20,21,100,"","","","Drowning","Central Mediterranean","33.157534600000"," 12.941982400000"
"July 08, 2016",2016,"Jul",1,"",1,"","",1,"","Unknown","Western Mediterranean","35.879984700000"," -5.368993200000"
"July 02, 2016",2016,"Jul",13,4,17,11,"","","","Drowning","Central Mediterranean","35.102507300000"," 12.135376000000"
"June 30, 2016",2016,"Jun",10,"",10,107,10,"","","Unknown","Central Mediterranean","37.093073700000"," 11.861018900000"
"June 26, 2016",2016,"Jun",1,"",1,"","","","","Unknown","Central Mediterranean","37.655757600000"," 15.600992900000"
"June 25, 2016",2016,"Jun",6,"",6,1000,"","","","Unknown","Central Mediterranean","31.456234200000"," 15.457398700000"
"June 24, 2016",2016,"Jun","",17,17,"","","","","Presumed drowning","Central Mediterranean","40.667939500000"," 17.941440100000"
"June 23, 2016",2016,"Jun",1,"",1,100,"","","","Unknown","Central Mediterranean","32.834477600000"," 12.384084800000"
"June 17, 2016",2016,"Jun",2,"",2,113,2,"","","Presumed asphyxiation","Central Mediterranean","33.941303600000"," 12.719495500000"
"June 14, 2016",2016,"Jun",9,"",9,"","","","","Presumed drowning","Central Mediterranean","32.939319900000"," 12.084725100000"
"June 12, 2016",2016,"Jun",1,"",1,133,"","","","Unknown","Central Mediterranean","33.941303600000"," 12.719495500000"
"June 09, 2016",2016,"Jun",2,"",2,1950,"","","","Unknown","Central Mediterranean","33.941303600000"," 12.719495500000"
"June 07, 2016",2016,"Jun",1,"",1,3,"",1,"","Unknown","Western Mediterranean","35.164741700000"," -2.953516600000"
"June 03, 2016",2016,"Jun",10,329,339,319,"","","","Drowning","Central Mediterranean","35.344528400000"," 25.184769200000"
"May 29, 2016",2016,"May",45,200,245,625,"","","","Drowning","Central Mediterranean","35.102507300000"," 12.135376000000"
"May 28, 2016",2016,"May","",47,47,78,"","","","Presumed drowning","Central Mediterranean","32.770354400000"," 12.376176000000"
"May 28, 2016",2016,"May",1,"",1,340,"","","","Drowning","Central Mediterranean","35.102507300000"," 12.135376000000"
"May 26, 2016",2016,"May","",550,550,87,"","",40,"Drowning","Central Mediterranean","33.050577000000"," 12.059376000000"
"May 26, 2016",2016,"May","",9,9,"","","","","Presumed drowning","Central Mediterranean","36.917477600000"," 14.514321100000"
"May 26, 2016",2016,"May",1,"",1,526,"","","","Unknown","Central Mediterranean","36.917477600000"," 14.514321100000"
"May 25, 2016",2016,"May",6,"",6,139,1,"","","Unknown","Central Mediterranean","36.917477600000"," 14.514321100000"
"May 25, 2016",2016,"May",5,250,255,460,"","","","Drowning","Central Mediterranean","32.761023100000"," 12.699894300000"
"May 25, 2016",2016,"May","","",0,"","","","","Drowning","Central Mediterranean","32.761023100000"," 12.699894300000"
"May 24, 2016",2016,"May",4,"",4,"",4,"","","Fuel burns, Suffocation","Central Mediterranean","35.102507300000"," 12.135376000000"
"May 21, 2016",2016,"May",0,10,10,"","","","","Unknown","Central Mediterranean","39.991424200000"," 9.124229100000"
"May 19, 2016",2016,"May","",45,45,"",7,"","","Presumed drowning","Western Mediterranean","35.444132400000"," -4.070813700000"
"May 16, 2016",2016,"May",1,"",1,"","",1,"","Drowning","Central Mediterranean","31.319987900000"," 30.338503100000"
"May 16, 2016",2016,"May",1,"",1,"","",1,"","Drowning","Central Mediterranean","31.319987900000"," 30.338503100000"
"May 12, 2016",2016,"May",1,"",1,"","",1,"","Drowning","Western Mediterranean","35.895384600000"," -5.334817200000"
"May 09, 2016",2016,"May",1,"",1,"","","","","Presumed drowning","Western Mediterranean","36.737271500000"," -4.100630400000"
"May 05, 2016",2016,"May",1,"",1,"","","",1,"Drowning","Western Mediterranean","35.286270300000"," -2.950878100000"
"April 29, 2016",2016,"Apr",0,84,84,26,"","","","Drowning","Central Mediterranean","32.770354400000"," 12.376176000000"
"April 29, 2016",2016,"Apr",2,18,20,105,"","","","Drowning","Central Mediterranean","33.416533100000"," 16.230191400000"
"April 29, 2016",2016,"Apr",0,9,9,"","","","","Drowning","Central Mediterranean","33.416533100000"," 16.230191400000"
"April 23, 2016",2016,"Apr","",3,3,1,"","","","Drowning","Western Mediterranean","36.727190900000"," -2.165284500000"
"April 17, 2016",2016,"Apr",8,24,32,108,"","","","Unknown","Central Mediterranean","35.501218200000"," 12.505090100000"
"April 16, 2016",2016,"Apr","",6,6,"","","","","Drowning","Western Mediterranean","36.748932200000"," -3.527553200000"
"April 15, 2016",2016,"Apr",1,"",1,"",1,"",1,"Drowning","Eastern Mediterranean","37.724580500000"," 26.677828300000"
"April 12, 2016",2016,"Apr",4,"",4,"","","","","Drowning","Central Mediterranean","33.208609900000"," 11.213254400000"
"April 11, 2016",2016,"Apr",3,"",3,"",2,1,"","Drowning","Central Mediterranean","33.208609900000"," 11.213254400000"
"April 09, 2016",2016,"Apr",5,4,9,5,4,"",1,"Drowning","Eastern Mediterranean","37.724580500000"," 26.677828300000"
"April 09, 2016",2016,"Apr",0,459,459,37,1,"",1,"Drowning","Central Mediterranean","31.576003100000"," 25.164174000000"
"March 31, 2016",2016,"Mar",9,"",9,127,"","","","Drowning","Central Mediterranean","31.650930600000"," 30.626169200000"
"March 30, 2016",2016,"Mar","",90,90,30,"","","","Drowning","Central Mediterranean","32.770354400000"," 12.376176000000"
"March 28, 2016",2016,"Mar","",84,84,1,"","","","Drowning","Central Mediterranean","33.416533100000"," 16.230191400000"
"March 26, 2016",2016,"Mar",12,"",12,"","","","","Drowning","Central Mediterranean","32.791242000000"," 13.702657400000"
"March 21, 2016",2016,"Mar",1,"",1,"","",1,1,"Respiratory illness, Sickness and lack of access to medicines","Central Mediterranean","39.196440300000"," 9.105426900000"
"March 20, 2016",2016,"Mar","",4,4,"","","","","Unknown","Central Mediterranean","35.497698500000"," 12.602115300000"
"March 20, 2016",2016,"Mar",2,"",2,40,2,"",2,"Unknown (found on dinghy)","Eastern Mediterranean","36.155277800000"," 29.495033500000"
"March 20, 2016",2016,"Mar",2,"",2,"","",2,"","Unknown (found on dinghy)","Eastern Mediterranean","39.209707825471"," 26.517559644531"
"March 19, 2016",2016,"Mar",51,"",51,"","","","","Drowning","Central Mediterranean","32.884351900000"," 13.150722800000"
"March 19, 2016",2016,"Mar","","",0,"","","","","Drowning","Central Mediterranean","33.058823123634"," 17.165613325000"
"March 17, 2016",2016,"Mar",4,"",4,187,"","","","Burned","Central Mediterranean","32.800530200000"," 12.517970700000"
"March 16, 2016",2016,"Mar",3,"",3,750,"","","","Unknown (found on dinghy)","Central Mediterranean","34.571998183552"," 13.453452574665"
"March 14, 2016",2016,"Mar","",8,8,5,"","","","Drowning","Eastern Mediterranean","36.910782100000"," 27.282852300000"
"March 12, 2016",2016,"Mar",1,"",1,"","","",1,"Drowning","Western Mediterranean","35.286270300000"," -2.950878100000"
"March 10, 2016",2016,"Mar",5,2,7,9,"","",3,"Drowning","Eastern Mediterranean","39.490208500000"," 26.393246100000"
"March 06, 2016",2016,"Mar",25,"",25,15,"","",10,"Drowning","Eastern Mediterranean","37.341163938766"," 27.237263179687"
"March 04, 2016",2016,"Mar","",20,20,"",2,"","","Unknown","Western Mediterranean","36.841526800000"," -2.474626200000"
"March 02, 2016",2016,"Mar",1,"",1,"","",1,1,"Asphyxiation","Eastern Mediterranean","39.097108100000"," 26.547693300000"
"February 23, 2016",2016,"Feb",5,"",5,403,3,2,"","Asphyxiation","Central Mediterranean","37.720242300000"," 10.285804200000"
"February 19, 2016",2016,"Feb",2,"",2,"","","","","Drowning","Central Mediterranean","37.308839200000"," 13.322824900000"
"February 17, 2016",2016,"Feb",1,"",1,2,"","",1,"Hypothermia","Eastern Mediterranean","38.342494100000"," 25.880581700000"
"February 16, 2016",2016,"Feb",1,"",1,"","",1,"","Unknown","Western Mediterranean","35.944418700000"," -5.794608800000"
"February 08, 2016",2016,"Feb",27,9,36,4,"","",11,"Drowning","Eastern Mediterranean","39.189261800000"," 26.130606100000"
"February 05, 2016",2016,"Feb",1,"",1,"","",1,"","Drowning","Western Mediterranean","36.003431800000"," -5.617350900000"
"February 02, 2016",2016,"Feb",9,"",9,13,"","",2,"Drowning","Eastern Mediterranean","37.724580500000"," 26.677828300000"
"January 31, 2016",2016,"Jan",3,"",3,12,"","",2,"Drowning","Eastern Mediterranean","37.348625000000"," 27.274230900000"
"January 30, 2016",2016,"Jan",39,"",39,75,"","",5,"Drowning","Eastern Mediterranean","39.289382400000"," 26.473428100000"
"January 30, 2016",2016,"Jan",6,64,70,50,"","","","Drowning","Central Mediterranean","37.093073700000"," 11.861018900000"
"January 28, 2016",2016,"Jan",26,15,41,9,6,10,10,"Drowning","Eastern Mediterranean","37.724580500000"," 26.677828300000"
"January 27, 2016",2016,"Jan",7,"",7,2,2,4,2,"Drowning","Eastern Mediterranean","36.926600300000"," 27.264159300000"
"January 26, 2016",2016,"Jan",5,16,21,1,"","",3,"Drowning","Eastern Mediterranean","37.376094000000"," 27.264729000000"
"January 26, 2016",2016,"Jan",1,"",1,"","",1,"","Drowning","Eastern Mediterranean","37.724580500000"," 26.677828300000"
"January 25, 2016",2016,"Jan",2,"",2,"","",2,"","Drowning","Eastern Mediterranean","37.724580500000"," 26.677828300000"
"January 25, 2016",2016,"Jan",1,"",1,"","",1,1,"Unknown","Central Mediterranean","37.343939900000"," 14.111439900000"
"January 25, 2016",2016,"Jan",1,"",1,700,"",1,1,"Unknown","Central Mediterranean","34.962732900000"," 13.886334700000"
"January 24, 2016",2016,"Jan",1,"",1,"",1,"",1,"Drowning","Eastern Mediterranean","37.596379000000"," 26.424823000000"
"January 24, 2016",2016,"Jan",1,"",1,"","",1,"","Drowning","Eastern Mediterranean","38.872931600000"," 24.417989200000"
"January 24, 2016",2016,"Jan",2,"",2,"",1,1,"","Drowning","Eastern Mediterranean","37.724580500000"," 26.677828300000"
"January 23, 2016",2016,"Jan",1,"",1,"","",1,"","Drowning","Eastern Mediterranean","37.724580500000"," 26.677828300000"
"January 21, 2016",2016,"Jan",13,11,24,25,4,1,5,"Drowning","Eastern Mediterranean","38.704200600000"," 26.593916700000"
"January 21, 2016",2016,"Jan",8,"",8,41,2,"",6,"Drowning","Eastern Mediterranean","37.291097300000"," 27.073482000000"
"January 21, 2016",2016,"Jan",35,9,44,26,17,7,11,"Drowning","Eastern Mediterranean","36.950590100000"," 26.975212900000"
"January 20, 2016",2016,"Jan",2,"",2,46,1,1,1,"Hypothermia","Eastern Mediterranean","39.282501900000"," 26.413986900000"
"January 18, 2016",2016,"Jan",1,"",1,"","","","","Drowning","Eastern Mediterranean","37.596379000000"," 26.424823000000"
"January 18, 2016",2016,"Jan",1,8,9,"","","","","Drowning","Central Mediterranean","37.093073700000"," 11.861018900000"
"January 16, 2016",2016,"Jan",6,"",6,1,3,2,"","Drowning","Eastern Mediterranean","37.739472900000"," 26.923909100000"
"January 16, 2016",2016,"Jan",1,"",1,"","","","","Drowning","Eastern Mediterranean","37.739472900000"," 26.923909100000"
"January 15, 2016",2016,"Jan",1,"",1,63,"","",1,"Unknown","Eastern Mediterranean","37.291097300000"," 27.073482000000"
"January 15, 2016",2016,"Jan",3,"",3,20,"","",3,"Drowning","Eastern Mediterranean","37.345025100000"," 27.280516300000"
"January 15, 2016",2016,"Jan",4,"",4,9,"","",3,"Drowning","Eastern Mediterranean","39.528092500000"," 26.495720400000"
"January 14, 2016",2016,"Jan",6,"",6,"",1,5,"","Drowning","Eastern Mediterranean","37.956327900000"," 26.740876100000"
"January 14, 2016",2016,"Jan",3,3,6,13,3,3,2,"Drowning","Eastern Mediterranean","39.601620700000"," 26.398186500000"
"January 11, 2016",2016,"Jan",3,"",3,13,3,"",1,"Drowning","Eastern Mediterranean","39.519891800000"," 26.368989500000"
"January 11, 2016",2016,"Jan",1,8,9,34,9,"","","Drowning","Central Mediterranean","39.792778200000"," 18.350899200000"
"January 08, 2016",2016,"Jan",1,"",1,"","",1,1,"Drowning","Western Mediterranean","35.285061300000"," -2.933977000000"
"January 08, 2016",2016,"Jan",1,"",1,"","","","","Drowning","Eastern Mediterranean","39.366330500000"," 26.135897000000"
"January 05, 2016",2016,"Jan",36,"",36,8,2,"",3,"Drowning","Eastern Mediterranean","39.077686200000"," 26.886069200000"
"January 05, 2016",2016,"Jan",1,"",1,"",1,"","","Drowning","Eastern Mediterranean","37.596379000000"," 26.424823000000"
"January 05, 2016",2016,"Jan",1,"",1,"",1,"",1,"Drowning","Eastern Mediterranean","37.596379000000"," 26.424823000000"
"January 04, 2016",2016,"Jan",3,"",3,"","",3,"","Drowning","Western Mediterranean","37.002953500000"," -1.427928600000"
"January 04, 2016",2016,"Jan",1,"",1,"","","","","Drowning","Eastern Mediterranean","37.724580500000"," 26.677828300000"
"January 04, 2016",2016,"Jan",1,"",1,"",1,"","","Drowning","Eastern Mediterranean","37.596379000000"," 26.424823000000"
"January 04, 2016",2016,"Jan",1,"",1,"","",1,"","Drowning","Eastern Mediterranean","37.538184500000"," 25.158060700000"
"January 02, 2016",2016,"Jan",1,"",1,"","",1,"","Drowning","Western Mediterranean","35.944171900000"," -5.696373200000"
"January 02, 2016",2016,"Jan",1,"",1,39,"",1,1,"Drowning","Eastern Mediterranean","37.457864100000"," 26.937922500000"
"January 02, 2016",2016,"Jan",4,"",4,"",1,3,"","Drowning","Eastern Mediterranean","37.596379000000"," 26.424823000000"
"December 30, 2015",2015,"Dec",2,"",2,"",1,1,"","Drowning","Eastern Mediterranean","37.757877000000"," 27.028391000000"
"December 30, 2015",2015,"Dec",7,"",7,"","","","","Drowning","Central Mediterranean","33.547016000000"," 11.098013000000"
"December 28, 2015",2015,"Dec",4,"",4,"",3,1,1,"Drowning","Eastern Mediterranean","37.551464000000"," 26.507867000000"
"December 27, 2015",2015,"Dec",1,"",1,"",1,"",1,"Drowning","Eastern Mediterranean","37.593055000000"," 26.518854000000"
"December 25, 2015",2015,"Dec",1,"",1,"",1,"","","Drowning","Eastern Mediterranean","37.707325000000"," 27.000325000000"
"December 25, 2015",2015,"Dec",1,"",1,"","",1,"","Drowning","Eastern Mediterranean","37.798058000000"," 26.698630000000"
"December 25, 2015",2015,"Dec",2,"",2,185,"","","","Unknown","Western Mediterranean","35.916530000000"," -5.372926000000"
"December 24, 2015",2015,"Dec",20,"",20,21,"","",11,"Drowning","Eastern Mediterranean","39.088957000000"," 26.781175000000"
"December 24, 2015",2015,"Dec",2,"",2,"",2,"","","Drowning","Eastern Mediterranean","37.756132000000"," 26.960456000000"
"December 24, 2015",2015,"Dec",1,"",1,"",1,"",1,"Vehicle Accident","Eastern Mediterranean","33.631295300000"," 15.615427200000"
"December 23, 2015",2015,"Dec",1,"",1,509,"","","","Drowning","Central Mediterranean","36.179661000000"," 14.815938000000"
"December 23, 2015",2015,"Dec",1,"",1,"",1,"","","Unknown","Eastern Mediterranean","37.566252000000"," 26.505769000000"
"December 22, 2015",2015,"Dec",2,"",2,69,1,"",1,"Drowning","Eastern Mediterranean","39.024511200000"," 15.296916600000"
"December 22, 2015",2015,"Dec",11,"",11,7,"","",1,"Drowning","Eastern Mediterranean","39.380546900000"," 26.186165500000"
"December 22, 2015",2015,"Dec",13,1,14,15,2,4,7,"Drowning","Eastern Mediterranean","37.295400000000"," 27.112700000000"
"December 21, 2015",2015,"Dec",1,"",1,"","",1,"","Drowning","Eastern Mediterranean","37.576548000000"," 26.482196000000"
"December 20, 2015",2015,"Dec",1,"",1,"",1,"",1,"Drowning","Eastern Mediterranean","37.639369476360"," 26.498112401514"
"December 19, 2015",2015,"Dec",2,"",2,"",1,1,1,"Drowning","Eastern Mediterranean","37.659145000000"," 26.326265000000"
"December 19, 2015",2015,"Dec",1,"",1,61,1,"",1,"Drowning","Eastern Mediterranean","38.376413000000"," 26.213546000000"
"December 18, 2015",2015,"Dec",18,"",18,14,4,"",10,"Drowning","Eastern Mediterranean","36.941323000000"," 27.343616000000"
"December 18, 2015",2015,"Dec",4,"",4,"","","",3,"Drowning","Eastern Mediterranean","37.118979000000"," 27.220141000000"
"December 18, 2015",2015,"Dec",4,"",4,4,"","",2,"Drowning","Eastern Mediterranean","36.925738000000"," 27.254266000000"
"December 16, 2015",2015,"Dec",2,"",2,200,"","",2,"Drowning","Eastern Mediterranean","38.331957000000"," 26.214435000000"
"December 16, 2015",2015,"Dec",4,"",4,58,"","",4,"Drowning","Eastern Mediterranean","36.952300000000"," 26.980800000000"
"December 16, 2015",2015,"Dec",1,"",1,"","",1,1,"Drowning","Eastern Mediterranean","36.930130000000"," 27.001581000000"
"December 16, 2015",2015,"Dec",5,"",5,92,"",1,3,"Drowning","Eastern Mediterranean","39.196567000000"," 26.575927000000"
"December 15, 2015",2015,"Dec",2,3,5,18,2,"",2,"Drowning","Eastern Mediterranean","36.964183000000"," 27.431130000000"
"December 14, 2015",2015,"Dec",1,"",1,"","",1,1,"Drowning","Eastern Mediterranean","39.446941000000"," 26.480153000000"
"December 14, 2015",2015,"Dec",3,3,6,12,"","",3,"Drowning","Eastern Mediterranean","36.175438000000"," 29.589343000000"
"December 14, 2015",2015,"Dec",1,"",1,"","",1,"","Drowning","Eastern Mediterranean","37.586014000000"," 26.494619000000"
"December 12, 2015",2015,"Dec",1,"",1,"","",1,"","Drowning","Eastern Mediterranean","36.173351000000"," 29.602718000000"
"December 10, 2015",2015,"Dec",4,"",4,"",1,2,1,"Drowning","Eastern Mediterranean","37.276233000000"," 27.107574000000"
"December 10, 2015",2015,"Dec",4,9,13,7,"","","","Drowning","Eastern Mediterranean","37.318839000000"," 27.118061000000"
"December 09, 2015",2015,"Dec",1,"",1,18,"","",1,"Drowning","Eastern Mediterranean","37.305186000000"," 27.133167000000"
"December 09, 2015",2015,"Dec",12,13,25,26,2,4,5,"Drowning","Eastern Mediterranean","37.469404000000"," 27.027424000000"
"December 09, 2015",2015,"Dec",1,"",1,"","","","","Drowning","Eastern Mediterranean","36.882620000000"," 27.311018000000"
"December 08, 2015",2015,"Dec",6,"",6,8,"","",6,"Drowning","Eastern Mediterranean","39.024511200000"," 15.296916600000"
"December 03, 2015",2015,"Dec",3,2,5,"",1,2,1,"Drowning","Eastern Mediterranean","37.285600000000"," 27.086600000000"
"December 01, 2015",2015,"Dec",1,"",1,"","",1,1,"Drowning","Eastern Mediterranean","39.334600000000"," 26.475500000000"
"December 01, 2015",2015,"Dec",3,30,33,"",1,"",6,"Drowning","Eastern Mediterranean","38.325725000000"," 26.289227000000"
"November 28, 2015",2015,"Nov",5,"",5,"",1,2,2,"Drowning","Eastern Mediterranean","39.314606000000"," 26.515185000000"
"November 27, 2015",2015,"Nov",4,"",4,"","","",4,"Drowning","Eastern Mediterranean","39.603753000000"," 26.401857000000"
"November 25, 2015",2015,"Nov",1,"",1,"",1,"",1,"Drowning","Eastern Mediterranean","37.847167000000"," 27.252642000000"
"November 20, 2015",2015,"Nov",1,"",1,"",1,"","","Drowning","Western Mediterranean","36.594168000000"," -3.532006000000"
"November 18, 2015",2015,"Nov",8,7,15,"","","","","Drowning","Eastern Mediterranean","31.241703000000"," 34.235811000000"
"November 17, 2015",2015,"Nov",8,"",8,"","","","","Drowning","Central Mediterranean","39.274069000000"," 26.388250000000"
"November 17, 2015",2015,"Nov","","",0,"",2,"",4,"Drowning, Suffocation","Eastern Mediterranean","36.824930100000"," 27.098726700000"
"November 17, 2015",2015,"Nov",9,2,11,"",2,1,"","Drowning, Suffocation","Eastern Mediterranean","36.921375000000"," 27.296143000000"
"November 17, 2015",2015,"Nov","","",0,"","","","","Drowning, Suffocation","Eastern Mediterranean","36.824930100000"," 27.098726700000"
"November 13, 2015",2015,"Nov",1,"",1,"","",1,1,"Drowning","Eastern Mediterranean","39.502976000000"," 26.406946000000"
"November 11, 2015",2015,"Nov",4,2,6,"","","","","Drowning","Eastern Mediterranean","37.779414000000"," 26.353410000000"
"November 11, 2015",2015,"Nov",1,"",1,"","",1,"","Unknown","Eastern Mediterranean","39.276195000000"," 26.383443000000"
"November 10, 2015",2015,"Nov",1,"",1,"","",1,"","Drowning","Eastern Mediterranean","37.038330000000"," 27.429855000000"
"November 10, 2015",2015,"Nov",14,1,15,"","","",7,"Drowning","Eastern Mediterranean","39.445518000000"," 25.986638000000"
"November 05, 2015",2015,"Nov",1,1,2,"","","",2,"Drowning","Eastern Mediterranean","36.891500000000"," 27.287700000000"
"November 05, 2015",2015,"Nov",1,"",1,"","",1,"","Drowning","Eastern Mediterranean","37.465347300000"," 26.932666400000"
"November 03, 2015",2015,"Nov",1,"",1,"","",1,"","Drowning","Eastern Mediterranean","36.407360400000"," 27.447417900000"
"November 03, 2015",2015,"Nov",10,"",10,"","",4,6,"Drowning","Eastern Mediterranean","39.283600000000"," 26.505700000000"
"November 01, 2015",2015,"Nov",1,"",1,"","","","","Drowning","Eastern Mediterranean","38.357540000000"," 26.452157000000"
"November 01, 2015",2015,"Nov",11,"",11,"",5,"",6,"Drowning","Eastern Mediterranean","37.751814000000"," 26.960291000000"
"November 01, 2015",2015,"Nov",1,"",1,"",1,"","","Drowning","Eastern Mediterranean","39.276195000000"," 26.383443000000"
"November 01, 2015",2015,"Nov",1,"",1,"","",1,1,"Drowning","Eastern Mediterranean","39.274069000000"," 26.386190000000"
"November 01, 2015",2015,"Nov",4,6,10,"","",4,"","Drowning","Eastern Mediterranean","37.284761000000"," 27.125852000000"
"October 31, 2015",2015,"Oct",4,"",4,"",1,"",3,"Drowning","Eastern Mediterranean","39.279915000000"," 26.388937000000"
"October 31, 2015",2015,"Oct",4,"",4,"","","","","Drowning","Western Mediterranean","35.991336000000"," -5.916205000000"
"October 30, 2015",2015,"Oct",1,"",1,"","","",1,"Drowning","Eastern Mediterranean","37.457800000000"," 26.972100000000"
"October 30, 2015",2015,"Oct",1,"",1,"","","","","Unknown","Eastern Mediterranean","39.175649100000"," 25.943523100000"
"October 29, 2015",2015,"Oct",4,"",4,"","","",4,"Drowning","Eastern Mediterranean","39.470142000000"," 26.592653000000"
"October 29, 2015",2015,"Oct",0,2,2,"","","","","Drowning","Eastern Mediterranean","37.754800000000"," 26.977800000000"
"October 29, 2015",2015,"Oct",3,4,7,"",1,"",2,"Drowning","Eastern Mediterranean","36.450624563650"," 28.215749624854"
"October 29, 2015",2015,"Oct",7,32,39,15,"",4,"","Drowning","Western Mediterranean","35.244558900000"," -3.931746800000"
"October 28, 2015",2015,"Oct",2,"",2,"",1,1,2,"Drowning","Eastern Mediterranean","39.269816000000"," 26.390310000000"
"October 28, 2015",2015,"Oct",3,"",3,"","",3,2,"Drowning","Eastern Mediterranean","34.270800000000"," 15.007300000000"
"October 28, 2015",2015,"Oct",3,"",3,"",1,1,2,"Drowning","Eastern Mediterranean","37.460602400000"," 27.005194300000"
"October 28, 2015",2015,"Oct",3,1,4,"","",1,3,"Drowning","Eastern Mediterranean","37.782654000000"," 27.256379000000"
"October 28, 2015",2015,"Oct",19,"",19,0,1,2,11,"Drowning","Eastern Mediterranean","36.952300000000"," 26.980800000000"
"October 28, 2015",2015,"Oct",43,"",43,"",6,17,20,"Drowning","Eastern Mediterranean","39.385646200000"," 26.216721700000"
"October 28, 2015",2015,"Oct",13,"",13,"","","","","Drowning","Eastern Mediterranean","39.273005000000"," 26.423269000000"
"October 28, 2015",2015,"Oct",1,"",1,"","",1,0,"Drowning","Eastern Mediterranean","39.277258000000"," 26.409536000000"
"October 28, 2015",2015,"Oct",1,"",1,"",1,"",1,"Unknown","Eastern Mediterranean","37.754800000000"," 26.977800000000"
"October 28, 2015",2015,"Oct",1,"",1,"","","",1,"Unknown","Eastern Mediterranean","37.458981000000"," 26.992945000000"
"October 27, 2015",2015,"Oct",1,1,2,"","","","","Drowning","Eastern Mediterranean","38.381773000000"," 26.464046000000"
"October 26, 2015",2015,"Oct",1,"",1,"","",1,"","Drowning","Western Mediterranean","35.895384600000"," -5.334817200000"
"October 26, 2015",2015,"Oct",1,"",1,"",1,"","","Drowning","Eastern Mediterranean","39.283600000000"," 26.505700000000"
"October 26, 2015",2015,"Oct",1,"",1,"","",1,"","Drowning","Eastern Mediterranean","38.432258000000"," 26.243986000000"
"October 25, 2015",2015,"Oct",43,"",43,"","","","","Drowning","Central Mediterranean","32.505100000000"," 14.510200000000"
"October 25, 2015",2015,"Oct",3,7,10,"",2,1,2,"Drowning","Eastern Mediterranean","39.283600000000"," 26.505700000000"
"October 22, 2015",2015,"Oct",4,1,5,"",1,"",4,"Drowning","Eastern Mediterranean","39.283600000000"," 26.505700000000"
"October 22, 2015",2015,"Oct",2,1,3,"","","",1,"Drowning","Eastern Mediterranean","39.175649100000"," 25.943523100000"
"October 22, 2015",2015,"Oct",12,11,23,"",5,2,5,"Drowning","Eastern Mediterranean","39.410744000000"," 26.586906000000"
"October 22, 2015",2015,"Oct",6,"",6,"","","",1,"Drowning","Central Mediterranean","31.554800000000"," 31.091100000000"
"October 21, 2015",2015,"Oct","",13,13,"",1,"",2,"Drowning","Eastern Mediterranean","39.427700000000"," 26.388500000000"
"October 20, 2015",2015,"Oct",8,"",8,"","","","","Unknown","Central Mediterranean","40.334718000000"," 17.164603000000"
"October 19, 2015",2015,"Oct",1,1,2,"","",2,"","Drowning","Western Mediterranean","35.889400000000"," -5.321350000000"
"October 19, 2015",2015,"Oct",4,1,5,"",2,2,2,"Drowning","Eastern Mediterranean","34.234500000000"," 14.743700000000"
"October 18, 2015",2015,"Oct",1,"",1,"","",1,1,"Unknown","Eastern Mediterranean","38.375528800000"," 25.716800500000"
"October 17, 2015",2015,"Oct",4,3,7,"",4,2,5,"Drowning","Eastern Mediterranean","38.164685800000"," 26.747187400000"
"October 16, 2015",2015,"Oct",13,"",13,"",5,2,6,"Drowning","Eastern Mediterranean","39.416200000000"," 26.407400000000"
"October 15, 2015",2015,"Oct",7,1,8,"",2,1,4,"Drowning","Eastern Mediterranean","39.283600000000"," 26.505700000000"
"October 14, 2015",2015,"Oct",3,"",3,"",2,1,2,"Drowning","Eastern Mediterranean","39.283600000000"," 26.505700000000"
"October 14, 2015",2015,"Oct",7,2,9,"",4,4,5,"Drowning","Eastern Mediterranean","37.471039000000"," 27.022180000000"
"October 13, 2015",2015,"Oct",1,1,2,"","",1,"","Drowning","Western Mediterranean","35.296428600000"," -2.942810000000"
"October 10, 2015",2015,"Oct",11,"",11,"","","","","Drowning","Central Mediterranean","31.554841200000"," 31.091136900000"
"October 10, 2015",2015,"Oct","","",0,"","","","","Drowning","Central Mediterranean","31.593450985205"," 31.089763608984"
"October 09, 2015",2015,"Oct",2,"",2,"","",2,"","Drowning","Western Mediterranean","36.438961955042"," -6.429884062500"
"October 09, 2015",2015,"Oct",1,"",1,"","",1,1,"Drowning","Eastern Mediterranean","39.283600000000"," 26.505700000000"
"October 05, 2015",2015,"Oct",95,"",95,"","","","","Drowning","Central Mediterranean","32.787300000000"," 12.782600000000"
"October 05, 2015",2015,"Oct",1,"",1,"","",1,"","Drowning","Eastern Mediterranean","36.889300000000"," 27.182800000000"
"October 04, 2015",2015,"Oct",2,"",2,"","",2,2,"Drowning","Eastern Mediterranean","36.892587100000"," 27.287792600000"
"October 03, 2015",2015,"Oct",2,"",2,"",1,1,"","Drowning","Eastern Mediterranean","36.891500000000"," 27.287700000000"
"October 02, 2015",2015,"Oct",1,"",1,"","",1,"","Drowning","Eastern Mediterranean","36.952300000000"," 26.980800000000"
"September 30, 2015",2015,"Sep",2,"",2,0,1,1,1,"Drowning","Eastern Mediterranean","39.283600000000"," 26.505700000000"
"September 29, 2015",2015,"Sep",1,5,6,"","","","","Drowning","Eastern Mediterranean","40.722942471743"," 26.043375269531"
"September 27, 2015",2015,"Sep",17,"",17,0,5,"",5,"Drowning","Eastern Mediterranean","36.527861500000"," 34.692517600000"
"September 25, 2015",2015,"Sep","",7,7,"","","","","Drowning","Eastern Mediterranean","36.893311000000"," 27.307574000000"
"September 24, 2015",2015,"Sep",1,"",1,"","",1,"","Drowning","Eastern Mediterranean","37.466700000000"," 26.966700000000"
"September 23, 2015",2015,"Sep",1,"",1,"",1,"","","Drowning","Eastern Mediterranean","39.367100000000"," 26.175100000000"
"September 22, 2015",2015,"Sep",1,"",1,"","",1,"","Drowning","Eastern Mediterranean","39.283600000000"," 26.505700000000"
"September 22, 2015",2015,"Sep","",2,2,"","","","","Drowning","Eastern Mediterranean","39.283600000000"," 26.505700000000"
"September 20, 2015",2015,"Sep",2,24,26,"",2,"",10,"Drowning","Eastern Mediterranean","39.283600000000"," 26.505700000000"
"September 20, 2015",2015,"Sep","",2,2,"","","","","Drowning","Eastern Mediterranean","39.235700000000"," 26.665000000000"
"September 20, 2015",2015,"Sep",13,13,26,"","","",6,"Drowning","Eastern Mediterranean","39.445562000000"," 26.042874000000"
"September 19, 2015",2015,"Sep",1,12,13,"",1,"",1,"Drowning","Eastern Mediterranean","39.283600000000"," 26.505700000000"
"September 18, 2015",2015,"Sep",7,"",7,100,"","",1,"Drowning","Central Mediterranean","36.504390000000"," 27.363253000000"
"September 18, 2015",2015,"Sep",1,"",1,14,1,"",1,"Drowning","Eastern Mediterranean","38.328609000000"," 26.293587000000"
"September 17, 2015",2015,"Sep",1,"",1,254,1,"","","Unknown","Central Mediterranean","33.020773200000"," 13.551552400000"
"September 15, 2015",2015,"Sep",22,"",22,249,"","",4,"Drowning","Eastern Mediterranean","34.865700000000"," 12.604900000000"
"September 14, 2015",2015,"Sep",2,"",2,11,"","","","Drowning","Eastern Mediterranean","38.022701000000"," 27.067593000000"
"September 13, 2015",2015,"Sep",34,4,38,99,15,15,15,"Drowning","Eastern Mediterranean","37.294800000000"," 27.119900000000"
"September 12, 2015",2015,"Sep","",1,1,32,"",1,"","Drowning","Eastern Mediterranean","39.283600000000"," 26.505700000000"
"September 12, 2015",2015,"Sep","",4,4,25,2,2,4,"Drowning","Eastern Mediterranean","36.949998000000"," 26.983329000000"
"September 10, 2015",2015,"Sep",1,"",1,"","","","","Unknown","Western Mediterranean","35.291415600000"," -2.992538500000"
"September 06, 2015",2015,"Sep",1,1,2,"","",2,"","Drowning","Western Mediterranean","36.034211958709"," -5.392037148438"
"September 06, 2015",2015,"Sep","",20,20,107,"","","","Drowning","Central Mediterranean","31.914825000000"," 30.322228000000"
"September 05, 2015",2015,"Sep",1,"",1,"","",1,1,"Drowning","Eastern Mediterranean","37.465347300000"," 26.932666400000"
"September 03, 2015",2015,"Sep",1,43,44,91,"","","","Drowning","Central Mediterranean","33.018659500000"," 15.445568500000"
"September 02, 2015",2015,"Sep",5,"",5,8,"","",2,"Drowning","Eastern Mediterranean","37.202882200000"," 28.311495700000"
"September 02, 2015",2015,"Sep",7,3,10,7,2,3,4,"Drowning","Eastern Mediterranean","37.202882200000"," 28.311495700000"
"September 02, 2015",2015,"Sep",1,"",1,"","",1,"","Unknown","Eastern Mediterranean","38.406249000000"," 26.246271000000"
"September 02, 2015",2015,"Sep",1,"",1,"","","","","Unknown","Eastern Mediterranean","39.283600000000"," 26.505700000000"
"September 01, 2015",2015,"Sep",4,"",4,112,4,"","","Suffocation, Drowning","Central Mediterranean","35.460700000000"," 13.139600000000"
"August 31, 2015",2015,"Aug",1,"",1,12,"",1,"","Drowning","Western Mediterranean","35.888951500000"," -5.353555600000"
"August 31, 2015",2015,"Aug",1,"",1,"",1,"","","Pulmonary edema","Eastern Mediterranean","39.175649100000"," 25.943523100000"
"August 31, 2015",2015,"Aug",6,"",6,"","","","","Unknown","Central Mediterranean","34.255026213978"," 20.970292062500"
"August 30, 2015",2015,"Aug",37,"",37,"","","","","Drowning","Central Mediterranean","32.799803800000"," 13.098975200000"
"August 29, 2015",2015,"Aug",1,"",1,"","",1,1,"Violence","Eastern Mediterranean","37.754800000000"," 26.977800000000"
"August 28, 2015",2015,"Aug",2,"",2,"",2,"","","Presumed asphyxiation","Central Mediterranean","34.387888133728"," 17.975902500000"
"August 27, 2015",2015,"Aug",111,91,202,198,1,6,"","Drowning","Central Mediterranean","32.151074000000"," 16.360272900000"
"August 27, 2015",2015,"Aug",3,5,8,124,3,"","","Unknown","Central Mediterranean","31.199373000000"," 16.596383000000"
"August 27, 2015",2015,"Aug",1,"",1,"","","","","Unknown","Central Mediterranean","34.553128400000"," 18.048010500000"
"August 26, 2015",2015,"Aug",52,"",52,441,"","","","Suffocation","Central Mediterranean","34.234500000000"," 14.743700000000"
"August 25, 2015",2015,"Aug",2,"",2,"","",2,"","Drowning","Western Mediterranean","36.632829000000"," -3.532317000000"
"August 25, 2015",2015,"Aug",1,"",1,"","",1,1,"Unknown","Central Mediterranean","34.981478400000"," 23.490953900000"
"August 24, 2015",2015,"Aug",3,"",3,73,"","","","Drowning","Eastern Mediterranean","39.344441000000"," 26.557274000000"
"August 24, 2015",2015,"Aug",2,4,6,8,"",6,"","Drowning","Eastern Mediterranean","39.283600000000"," 26.505700000000"
"August 24, 2015",2015,"Aug",1,"",1,"","","","","Drowning","Eastern Mediterranean","39.370072500000"," 25.453518300000"
"August 23, 2015",2015,"Aug",1,"",1,125,"","","","Unknown","Central Mediterranean","37.500500000000"," 27.079100000000"
"August 21, 2015",2015,"Aug",1,"",1,19,"",1,"","Unknown","Eastern Mediterranean","39.283600000000"," 26.505700000000"
"August 18, 2015",2015,"Aug",6,"",6,3,"","",1,"Drowning","Eastern Mediterranean","36.921182600000"," 29.191935000000"
"August 17, 2015",2015,"Aug",9,"",9,31,"","","","Drowning","Eastern Mediterranean","36.106882043399"," 33.990880593750"
"August 17, 2015",2015,"Aug",1,"",1,"","",1,1,"Unknown","Eastern Mediterranean","36.893330000000"," 27.288888000000"
"August 16, 2015",2015,"Aug",1,"",1,"",1,"","","Unknown","Central Mediterranean","33.254800000000"," 11.406600000000"
"August 15, 2015",2015,"Aug",49,"",49,312,"",49,"","Suffocation","Central Mediterranean","36.941323000000"," 27.343616000000"
"August 11, 2015",2015,"Aug","",60,60,54,18,42,"","Drowning","Central Mediterranean","37.899822800000"," 15.444211600000"
"August 06, 2015",2015,"Aug",22,200,222,373,2,"",2,"Drowning","Central Mediterranean","34.289000000000"," 12.766100000000"
"August 06, 2015",2015,"Aug",3,"",3,"",2,2,"","Drowning","Central Mediterranean","34.981478400000"," 23.490953900000"
"August 06, 2015",2015,"Aug",2,"",2,"","","","","Drowning","Central Mediterranean","34.981478400000"," 23.490953900000"
"August 03, 2015",2015,"Aug",1,"",1,"","",1,"","Suffocation","Western Mediterranean","36.834047000000"," -2.463713600000"
"August 03, 2015",2015,"Aug",5,"",5,"","","","","Unknown","Central Mediterranean","34.981478400000"," 23.490953900000"
"August 02, 2015",2015,"Aug",4,"",4,"","",4,"","Drowning","Western Mediterranean","35.927200000000"," -5.325470000000"
"July 27, 2015",2015,"Jul",14,"",14,"","",9,"","Unknown","Central Mediterranean","34.234500000000"," 14.743700000000"
"July 23, 2015",2015,"Jul",40,"",40,"","","","","Drowning","Central Mediterranean","34.234500000000"," 14.743700000000"
"July 16, 2015",2015,"Jul",6,"",6,10,"","","","Drowning","Eastern Mediterranean","39.283600000000"," 26.505700000000"
"July 15, 2015",2015,"Jul",100,"",100,"","","","","Drowning","Central Mediterranean","32.865295722001"," 13.092461346875"
"July 15, 2015",2015,"Jul",1,"",1,"",1,"",1,"Hypoglycemia","Central Mediterranean","35.746500000000"," 14.414100000000"
"July 10, 2015",2015,"Jul",30,"",30,"","","","","Presumed drowning","Central Mediterranean","32.750000000000"," 13.716700000000"
"July 09, 2015",2015,"Jul",9,"",9,"",1,8,"","Drowning","Central Mediterranean","31.653400000000"," 31.289100000000"
"July 09, 2015",2015,"Jul",12,"",12,106,4,"","","Drowning","Central Mediterranean","37.779414000000"," 26.353410000000"
"July 07, 2015",2015,"Jul",3,15,18,19,"","","","Drowning","Eastern Mediterranean","37.351100000000"," 27.037100000000"
"June 25, 2015",2015,"Jun",1,"",1,"",1,"","","Hypoglycemia","Central Mediterranean","35.128838500000"," 18.902833900000"
"June 23, 2015",2015,"Jun",6,"",6,66,1,"","","Drowning","Eastern Mediterranean","37.005900000000"," 27.419600000000"
"June 23, 2015",2015,"Jun",1,"",1,"","","","","Shot","Central Mediterranean","34.234500000000"," 14.743700000000"
"June 20, 2015",2015,"Jun","",22,22,"","","","","Drowning","Western Mediterranean","35.352515000000"," -3.976368000000"
"June 17, 2015",2015,"Jun",3,"",3,"","",3,"","Drowning","Central Mediterranean","34.981478400000"," 23.490953900000"
"May 30, 2015",2015,"May",17,8,25,454,"","","","Burned, Drowning","Central Mediterranean","35.050314391584"," 18.113846750000"
"May 26, 2015",2015,"May",1,"",1,"","",1,1,"Fall from boat","Western Mediterranean","35.880463000000"," -5.320930000000"
"May 25, 2015",2015,"May",5,"",5,25,"","","","Drowning","Central Mediterranean","38.324300000000"," 26.288780000000"
"May 23, 2015",2015,"May",5,"",5,49,"","","","Drowning","Central Mediterranean","35.643960100000"," 10.946793900000"
"May 21, 2015",2015,"May",1,"",1,"","",1,1,"Suffocation","Central Mediterranean","35.309949500000"," 13.479818300000"
"May 04, 2015",2015,"May",5,41,46,91,"",46,"","Drowning","Central Mediterranean","36.391620500000"," 14.349836900000"
"May 02, 2015",2015,"May",3,"",3,31,"","","","Drowning","Central Mediterranean","31.299627700000"," 30.292163700000"
"May 02, 2015",2015,"May",10,"",10,"","","","","Drowning","Central Mediterranean","31.594035217005"," 18.109550500000"
"April 21, 2015",2015,"Apr",1,"",1,"","",1,"","Crushed, Vehicle Accident","Central Mediterranean","41.150241784105"," 17.421187906250"
"April 20, 2015",2015,"Apr",2,"",2,88,1,2,1,"Drowning","Eastern Mediterranean","33.712300000000"," 11.447400000000"
"April 20, 2015",2015,"Apr",1,"",1,88,"",1,"","Drowning","Eastern Mediterranean","36.352782000000"," 27.938259000000"
"April 18, 2015",2015,"Apr",750,"",750,28,"","","","Drowning","Central Mediterranean","35.030000000000"," 14.677700000000"
"April 17, 2015",2015,"Apr",1,0,1,70,1,"","","Fuel burns","Central Mediterranean","35.746500000000"," 14.414100000000"
"April 16, 2015",2015,"Apr","",41,41,4,"",41,"","Drowning","Central Mediterranean","34.885900000000"," 14.414100000000"
"April 16, 2015",2015,"Apr","",12,12,15,"","","","Drowning","Central Mediterranean","35.746500000000"," 14.414100000000"
"April 13, 2015",2015,"Apr",9,391,400,144,"","","","Drowning","Central Mediterranean","36.173400000000"," 17.572607000000"
"April 10, 2015",2015,"Apr",2,"",2,129,1,1,"","Drowning","Central Mediterranean","31.106319800000"," 30.941975100000"
"April 10, 2015",2015,"Apr",1,"",1,"","","","","Unknown","Central Mediterranean","34.234500000000"," 14.743700000000"
"April 06, 2015",2015,"Apr",7,4,11,9,"","","","Drowning","Eastern Mediterranean","37.466700000000"," 26.966700000000"
"March 19, 2015",2015,"Mar",3,0,3,84,"","","","Drowning","Central Mediterranean","33.504103500000"," 11.088149400000"
"March 17, 2015",2015,"Mar",5,3,8,8,"","","","Drowning","Eastern Mediterranean","37.020073000000"," 27.401316000000"
"March 03, 2015",2015,"Mar",10,40,50,941,"","","","Drowning","Central Mediterranean","36.031300000000"," 13.359400000000"
"February 09, 2015",2015,"Feb","",307,307,9,"","","","Drowning","Central Mediterranean","34.361600000000"," 12.985800000000"
"February 08, 2015",2015,"Feb",29,"",29,76,"",29,"","Hypothermia","Central Mediterranean","34.379700000000"," 12.810100000000"
"February 07, 2015",2015,"Feb",7,2,9,6,"","","","Drowning","Eastern Mediterranean","34.579000000000"," 12.436500000000"
"January 30, 2015",2015,"Jan",8,2,10,10,"","","","Drowning","Western Mediterranean","35.286196000000"," -2.958992800000"
"January 22, 2015",2015,"Jan",1,20,21,86,"",21,"","Drowning","Central Mediterranean","35.272947000000"," -2.924594000000"
"January 18, 2015",2015,"Jan",1,"",1,418,"","","","Unknown","Central Mediterranean","34.885900000000"," 14.414100000000"
"January 16, 2015",2015,"Jan",9,36,45,27,"","","","Drowning","Central Mediterranean","36.810331300000"," 27.271263900000"
"January 04, 2015",2015,"Jan",5,"",5,16,"","","","Drowning","Western Mediterranean","35.908983000000"," -1.592287000000"
"December 31, 2014",2014,"Dec","",2,2,"","","","","Drowning","Central Mediterranean","39.977100000000"," 19.050300000000"
"December 31, 2014",2014,"Dec","",9,9,2,"","","","Drowning","Eastern Mediterranean","36.999300000000"," 27.364180000000"
"December 31, 2014",2014,"Dec",17,"",17,75,1,15,1,"Hyperthermia","Central Mediterranean","34.161800000000"," 13.073700000000"
"December 31, 2014",2014,"Dec","",23,23,28,"","","","Drowning","Western Mediterranean","36.399200000000"," -2.384030000000"
"December 31, 2014",2014,"Dec",5,"",5,"","",1,"","Drowning","Central Mediterranean","34.813800000000"," 13.710900000000"
"December 31, 2014",2014,"Dec","",30,30,"","","","","Unknown","Central Mediterranean","34.307100000000"," 16.611300000000"
"December 31, 2014",2014,"Dec",9,"",9,21,"","",3,"Drowning","Western Mediterranean","35.846800000000"," -5.803530000000"
"December 30, 2014",2014,"Dec",4,"",4,"","","","","Drowning","Central Mediterranean","33.482565000000"," 11.109411000000"
"November 24, 2014",2014,"Nov","",12,12,"","","","","Drowning","Central Mediterranean","35.924600000000"," 13.161600000000"
"November 23, 2014",2014,"Nov","",6,6,"","","","","Drowning","Central Mediterranean","36.315100000000"," 12.919900000000"
"November 12, 2014",2014,"Nov","",4,4,5,"","",1,"Drowning","Eastern Mediterranean","39.279000000000"," 26.532000000000"
"October 17, 2014",2014,"Oct",10,85,95,85,"","","","Drowning","Central Mediterranean","33.596300000000"," 14.633800000000"
"October 17, 2014",2014,"Oct",3,"",3,646,"","","","Exposure, Harsh conditions","Central Mediterranean","35.898000000000"," 15.490700000000"
"October 12, 2014",2014,"Oct",2,6,8,0,"",1,"","Drowning","Western Mediterranean","35.985800000000"," -5.396350000000"
"October 05, 2014",2014,"Oct","",20,20,93,"","","","Drowning","Central Mediterranean","31.922400000000"," 16.523400000000"
"September 25, 2014",2014,"Sep",15,73,88,72,"","","","Drowning","Central Mediterranean","31.525300000000"," 29.686400000000"
"September 23, 2014",2014,"Sep",2,16,18,12,"","",1,"Drowning","Central Mediterranean","34.985300000000"," 16.106000000000"
"September 21, 2014",2014,"Sep",3,497,500,10,"","","","Drowning","Central Mediterranean","33.906900000000"," 14.414100000000"
"September 01, 2014",2014,"Sep",70,94,164,36,"","",1,"Drowning","Central Mediterranean","33.504800000000"," 13.870200000000"
"September 01, 2014",2014,"Sep",10,33,43,55,"","","","Drowning","Central Mediterranean","33.605300000000"," 16.968400000000"
"August 31, 2014",2014,"Aug","",100,100,"","","","","Drowning","Central Mediterranean","32.887900000000"," 13.709600000000"
"August 29, 2014",2014,"Aug",42,"",42,"",8,"",5,"Drowning","Central Mediterranean","33.511100000000"," 11.865200000000"
"August 25, 2014",2014,"Aug",24,"",24,364,"","","","Drowning","Central Mediterranean","34.567100000000"," 14.062500000000"
"August 24, 2014",2014,"Aug",170,81,251,19,"","",1,"Drowning","Central Mediterranean","32.921200000000"," 13.765900000000"
"August 24, 2014",2014,"Aug",18,8,26,73,"",26,"","Drowning","Central Mediterranean","35.282300000000"," 15.875200000000"
"August 22, 2014",2014,"Aug",1,"",1,"","","","","Unknown","Central Mediterranean","34.313400000000"," 16.918900000000"
"August 05, 2014",2014,"Aug",2,170,172,200,1,"",1,"Drowning","Central Mediterranean","33.499179000000"," 15.490763000000"
"July 28, 2014",2014,"Jul",20,108,128,22,"","","","Drowning","Central Mediterranean","34.466600000000"," 13.579100000000"
"July 21, 2014",2014,"Jul",5,14,19,61,"","","","Drowning","Central Mediterranean","36.355700000000"," 14.084500000000"
"July 19, 2014",2014,"Jul",2,53,55,1,"","","","Drowning","Central Mediterranean","31.581800000000"," 30.671100000000"
"July 19, 2014",2014,"Jul","",151,151,"","","","","Drowning","Central Mediterranean","34.553128400000"," 18.048010500000"
"July 19, 2014",2014,"Jul",29,"",29,569,"","",1,"Violence, Asphyxiation, Drowning","Central Mediterranean","34.582100000000"," 14.216300000000"
"July 19, 2014",2014,"Jul",3,0,3,104,"","","","Drowning","Central Mediterranean","33.444200000000"," 14.238300000000"
"July 17, 2014",2014,"Jul","",41,41,61,"","","","Drowning","Central Mediterranean","33.242300000000"," 13.120400000000"
"July 17, 2014",2014,"Jul",3,0,3,90,"","","","Drowning","Central Mediterranean","32.834300000000"," 13.719200000000"
"July 14, 2014",2014,"Jul",1,109,110,12,1,"","","Drowning","Central Mediterranean","33.656400000000"," 14.589800000000"
"July 12, 2014",2014,"Jul",12,"",12,"","","","","Drowning","Central Mediterranean","32.951100000000"," 13.204200000000"
"July 11, 2014",2014,"Jul",4,21,25,13,1,2,1,"Drowning","Eastern Mediterranean","37.862031000000"," 26.921962000000"
"July 06, 2014",2014,"Jul",12,188,200,0,1,"",2,"Drowning","Central Mediterranean","32.961500000000"," 13.088800000000"
"July 05, 2014",2014,"Jul",13,"",13,"","","","","Unknown","Central Mediterranean","33.033500000000"," 15.293000000000"
"July 01, 2014",2014,"Jul","",75,75,27,"","","","Drowning","Central Mediterranean","36.431700000000"," 15.831300000000"
"June 29, 2014",2014,"Jun",2,4,6,"","",4,"","Drowning","Central Mediterranean","36.183800000000"," 12.623300000000"
"June 29, 2014",2014,"Jun",45,"",45,566,"",45,"","Crushed, Asphyxiation","Central Mediterranean","36.222841000000"," 14.688719000000"
"June 27, 2014",2014,"Jun","",240,240,0,"","","","Drowning","Central Mediterranean","34.603300000000"," 16.875000000000"
"June 18, 2014",2014,"Jun",4,0,4,0,"","","","Violence","Western Mediterranean","35.278300000000"," -2.962190000000"
"June 15, 2014",2014,"Jun",1,0,1,356,"","","","Unknown","Central Mediterranean","35.906100000000"," 12.475000000000"
"June 14, 2014",2014,"Jun",10,0,10,39,"","","","Drowning","Central Mediterranean","34.277500000000"," 14.633800000000"
"June 09, 2014",2014,"Jun",3,2,5,0,"","","","Drowning","Central Mediterranean","36.493500000000"," 13.667000000000"
"June 08, 2014",2014,"Jun",4,"",4,"","","","","Drowning","Central Mediterranean","35.412500000000"," 12.348600000000"
"June 05, 2014",2014,"Jun",3,0,3,"","","","","Unknown","Central Mediterranean","35.358000000000"," 12.782600000000"
"May 23, 2014",2014,"May",1,0,1,"","",1,1,"Asphyxiation","Central Mediterranean","39.506100000000"," 20.265500000000"
"May 12, 2014",2014,"May",17,200,217,226,12,2,3,"Drowning","Central Mediterranean","34.708600000000"," 15.666500000000"
"May 07, 2014",2014,"May",1,0,1,"","",1,"","Unknown","Central Mediterranean","35.819600000000"," 11.755400000000"
"May 06, 2014",2014,"May",44,33,77,53,"","","","Drowning","Central Mediterranean","32.680100000000"," 15.996100000000"
"May 05, 2014",2014,"May",22,7,29,36,"","","","Drowning","Central Mediterranean","37.848433000000"," 27.111533000000"
"May 02, 2014",2014,"May",4,0,4,80,"","","","Drowning","Central Mediterranean","33.104500000000"," 14.348100000000"
"April 30, 2014",2014,"Apr","",40,40,1,"","","","Drowning","Central Mediterranean","34.370600000000"," 14.172400000000"
"April 16, 2014",2014,"Apr",8,1,9,5,2,"",1,"Drowning","Central Mediterranean","38.669208000000"," 26.630888000000"
"April 09, 2014",2014,"Apr",1,0,1,661,"","","","Unknown","Central Mediterranean","35.109200000000"," 13.623000000000"
"March 18, 2014",2014,"Mar",7,2,9,8,1,1,1,"Drowning","Eastern Mediterranean","39.398814000000"," 26.493536000000"
"March 17, 2014",2014,"Mar",1,"",1,"","","","","Asphyxiation","Central Mediterranean","34.979700000000"," 12.656300000000"
"February 27, 2014",2014,"Feb",7,"",7,"","","","","Drowning","Central Mediterranean","33.159700000000"," 15.183100000000"
"February 17, 2014",2014,"Feb",2,0,2,121,"",2,"","Unknown","Central Mediterranean","34.564500000000"," 15.886200000000"
"February 06, 2014",2014,"Feb",15,0,15,0,"",1,"","Shot","Western Mediterranean","35.879300000000"," -5.364070000000"
"January 19, 2014",2014,"Jan",12,"",12,"",9,"",3,"Drowning","Eastern Mediterranean","37.283200000000"," 27.158200000000"
